,Name,Code
0,R003,201000
1,R007,201001
2,R014,201002
3,R028,201003
4,R091,201004
5,R182,201005
6,R001,201008
7,R002,201009
8,R004,201010
9,RC001,202001
10,RC003,202003
11,RC007,202007
12,0501R007,203007
13,0501R028,203008
14,0501R091,203009
15,0504R007,203016
16,0504R028,203017
17,0504R091,203018
18,0505R007,203019
19,0505R028,203020
20,0505R091,203021
21,0509R007,203031
22,0509R028,203032
23,0509R091,203033
24,0512R007,203040
25,0512R028,203041
26,0512R091,203042
27,0513R007,203043
28,0513R028,203044
29,0513R091,203045
30,0601R007,203049
31,0601R028,203050
32,0601R091,203051
33,0603R007,203052
34,0603R028,203053
35,0603R091,203054
36,GC001,204001
37,GC002,204002
38,GC003,204003
39,GC004,204004
40,GC007,204007
41,GC014,204014
42,GC028,204028
43,GC091,204091
44,GC182,204182
45,基金金泰,500001
46,基金泰和,500002
47,基金安信,500003
48,基金汉盛,500005
49,基金裕阳,500006
50,基金景阳,500007
51,基金兴华,500008
52,基金安顺,500009
53,基金金元,500010
54,基金金鑫,500011
55,基金安瑞,500013
56,基金汉兴,500015
57,基金裕元,500016
58,基金景业,500017
59,基金兴和,500018
60,基金普润,500019
61,基金金鼎,500021
62,基金汉鼎,500025
63,基金兴业,500028
64,基金科讯,500029
65,基金汉博,500035
66,基金通乾,500038
67,基金同德,500039
68,基金科瑞,500056
69,基金银丰,500058
70,国金鑫新,501000
71,财通精选,501001
72,能源互联,501002
73,长信优选,501003
74,精准医疗,501005
75,互联医疗,501007
76,互联医C,501008
77,生物科技,501009
78,生物科C,501010
79,中药基金,501011
80,中药C,501012
81,财通升级,501015
82,券商基金,501016
83,国泰融丰,501017
84,南方原油,501018
85,军工基金,501019
86,国企改,501020
87,香港中小,501021
88,银华鑫盛,501022
89,港中小企,501023
90,香港银行,501025
91,财通福享,501026
92,国泰融信,501027
93,财通福瑞,501028
94,红利基金,501029
95,环境治理,501030
96,环境C,501031
97,财通福盛,501032
98,创金睿选,501035
99,中证500A,501036
100,中证500C,501037
101,银华明择,501038
102,添富睿丰,501039
103,添富睿C,501040
104,沪深300A,501043
105,沪深300C,501045
106,财通福鑫,501046
107,全指证券,501047
108,证券C,501048
109,东证睿玺,501049
110,50AH,501050
111,圆信汇利,501051
112,东证目优,501053
113,东证睿泽,501054
114,新能源车,501057
115,新能车C,501058
116,国企红利,501059
117,金选300A,501060
118,金选300C,501061
119,南方瑞合,501062
120,富时AH50,501067
121,AH50C,501068
122,十年国开,501106
123,美元债,501300
124,香港大盘,501301
125,恒生联接,501302
126,恒生中型,501303
127,港股高息,501305
128,港股高C,501306
129,银河高股,501307
130,港股通,501309
131,价值基金,501310
132,500等权,502000
133,500等权A,502001
134,500等权B,502002
135,军工分级,502003
136,军工A,502004
137,军工B,502005
138,国企改革,502006
139,国企改A,502007
140,国企改B,502008
141,证券分级,502010
142,证券A,502011
143,证券B,502012
144,一带一路,502013
145,一带一A,502014
146,一带一B,502015
147,带路分级,502016
148,带路A,502017
149,带路B,502018
150,国金50,502020
151,国金50A,502021
152,国金50B,502022
153,钢铁分级,502023
154,钢铁A,502024
155,钢铁B,502025
156,新丝路,502026
157,新丝路A,502027
158,新丝路B,502028
159,高铁A,502031
160,高铁B,502032
161,互联金融,502036
162,网金A,502037
163,网金B,502038
164,上50分级,502040
165,上50A,502041
166,上50B,502042
167,50分级,502048
168,上证50A,502049
169,上证50B,502050
170,券商分级,502053
171,券商A,502054
172,券商B,502055
173,医疗分级,502056
174,医疗A,502057
175,医疗B,502058
176,嘉实元和,505888
177,治理ETF,510010
178,超大ETF,510020
179,价值ETF,510030
180,50ETF,510050
181,央企ETF,510060
182,民企ETF,510070
183,责任ETF,510090
184,周期ETF,510110
185,非周ETF,510120
186,中盘ETF,510130
187,消费ETF,510150
188,小康ETF,510160
189,商品ETF,510170
190,180ETF,510180
191,龙头ETF,510190
192,综指ETF,510210
193,中小ETF,510220
194,金融ETF,510230
195,新兴ETF,510260
196,国企ETF,510270
197,成长ETF,510280
198,380ETF,510290
199,300ETF,510300
200,HS300ETF,510310
201,华夏300,510330
202,广发300,510360
203,国寿300,510380
204,平安300,510390
205,资源ETF,510410
206,180EWETF,510420
207,50等权,510430
208,500沪市,510440
209,180高ETF,510450
210,500ETF,510500
211,广发500,510510
212,诺安500,510520
213,方正500,510550
214,国寿500,510560
215,ZZ500ETF,510580
216,平安500,510590
217,沪50ETF,510600
218,能源行业,510610
219,材料行业,510620
220,消费行业,510630
221,金融行业,510650
222,医药行业,510660
223,万家50,510680
224,百强ETF,510700
225,上50ETF,510710
226,上证50,510800
227,上海国企,510810
228,红利ETF,510880
229,H股ETF,510900
230,国债ETF,511010
231,企债ETF,511210
232,城投ETF,511220
233,周期债,511230
234,十年国债,511260
235,10年地债,511270
236,中期信用,511280
237,国债十年,511290
238,十年债,511310
239,货币ETF,511600
240,货币基金,511620
241,华夏快线,511650
242,建信添益,511660
243,华泰天金,511670
244,安信货币,511680
245,交易货币,511690
246,场内货币,511700
247,德邦货币,511760
248,金鹰增益,511770
249,易货币,511800
250,理财金H,511810
251,鹏华添利,511820
252,华泰货币,511830
253,财富宝E,511850
254,博时货币,511860
255,银华日利,511880
256,景顺货币,511890
257,富国货币,511900
258,融通货币,511910
259,广发货币,511920
260,中融日盈,511930
261,广发添利,511950
262,嘉实快线,511960
263,国寿货币,511970
264,现金添富,511980
265,华宝添益,511990
266,券商ETF,512000
267,医药ETF,512010
268,国信价值,512040
269,非银ETF,512070
270,MSCI易基,512090
271,1000ETF,512100
272,中证地产,512110
273,医药50,512120
274,A50ETF,512150
275,MSCI基金,512160
276,建信MSCI,512180
277,房地产,512200
278,景顺食品,512210
279,景顺TMT,512220
280,景顺医药,512230
281,500低波,512260
282,景顺MSCI,512280
283,500医药,512300
284,500工业,512310
285,500信息,512330
286,500原料,512340
287,MSCI国际,512360
288,MSCI低波,512390
289,有色金属,512400
290,中证500,512500
291,ETF500,512510
292,MSCIETF,512520
293,富时A50,512550
294,中证军工,512560
295,中证证券,512570
296,环保ETF,512580
297,主要消费,512600
298,医药卫生,512610
299,金融地产,512640
300,军工ETF,512660
301,军工基金,512680
302,银行基金,512700
303,战略新兴,512770
304,京津冀基,512780
305,银行ETF,512800
306,军工行业,512810
307,银行股基,512820
308,北京50,512850
309,MSCI中国,512860
310,杭州湾区,512870
311,证券ETF,512880
312,红利LV,512890
313,证券基金,512900
314,MSCI新华,512920
315,央企改革,512950
316,央调ETF,512960
317,传媒ETF,512980
318,MSCIA股,512990
319,德国30,513030
320,中概互联,513050
321,纳指ETF,513100
322,标普500,513500
323,恒指ETF,513600
324,恒生通,513660
325,建信H股,513680
326,港股100,513900
327,黄金基金,518800
328,黄金ETF,518880
329,云化CWB1,580012
330,武钢CWB1,580013
331,深高CWB1,580014
332,上汽CWB1,580016
333,赣粤CWB1,580017
334,石化CWB1,580019
335,上港CWB1,580020
336,青啤CWB1,580021
337,国电CWB1,580022
338,康美CWB1,580023
339,宝钢CWB1,580024
340,葛洲CWB1,580025
341,江铜CWB1,580026
342,长虹CWB1,580027
343,浦发银行,600000
344,邯郸钢铁,600001
345,齐鲁石化,600002
346,ST东北高,600003
347,白云机场,600004
348,武钢股份,600005
349,东风汽车,600006
350,中国国贸,600007
351,首创股份,600008
352,上海机场,600009
353,包钢股份,600010
354,华能国际,600011
355,皖通高速,600012
356,华夏银行,600015
357,民生银行,600016
358,日照港,600017
359,上港集团,600018
360,宝钢股份,600019
361,中原高速,600020
362,上海电力,600021
363,山东钢铁,600022
364,浙能电力,600023
365,华能水电,600025
366,中远海能,600026
367,华电国际,600027
368,中国石化,600028
369,南方航空,600029
370,中信证券,600030
371,三一重工,600031
372,福建高速,600033
373,楚天高速,600035
374,招商银行,600036
375,歌华有线,600037
376,中直股份,600038
377,四川路桥,600039
378,保利地产,600048
379,中国联通,600050
380,宁波联合,600051
381,浙江广厦,600052
382,九鼎投资,600053
383,黄山旅游,600054
384,万东医疗,600055
385,中国医药,600056
386,厦门象屿,600057
387,五矿发展,600058
388,古越龙山,600059
389,海信电器,600060
390,国投资本,600061
391,华润双鹤,600062
392,皖维高新,600063
393,南京高科,600064
394,*ST联谊,600065
395,宇通客车,600066
396,冠城大通,600067
397,葛洲坝,600068
398,银鸽投资,600069
399,浙江富润,600070
400,凤凰光学,600071
401,中船科技,600072
402,上海梅林,600073
403,*ST保千,600074
404,新疆天业,600075
405,康欣新材,600076
406,宋都股份,600077
407,澄星股份,600078
408,人福医药,600079
409,金花股份,600080
410,东风科技,600081
411,海泰发展,600082
412,博信股份,600083
413,中葡股份,600084
414,同仁堂,600085
415,东方金钰,600086
416,退市长油,600087
417,中视传媒,600088
418,特变电工,600089
419,同济堂,600090
420,ST明科,600091
421,S*ST精密,600092
422,易见股份,600093
423,大名城,600094
424,哈高科,600095
425,云天化,600096
426,开创国际,600097
427,广州发展,600098
428,林海股份,600099
429,同方股份,600100
430,明星电力,600101
431,莱钢股份,600102
432,青山纸业,600103
433,上汽集团,600104
434,永鼎股份,600105
435,重庆路桥,600106
436,美尔雅,600107
437,亚盛集团,600108
438,国金证券,600109
439,诺德股份,600110
440,北方稀土,600111
441,天成控股,600112
442,浙江东日,600113
443,东睦股份,600114
444,东方航空,600115
445,三峡水利,600116
446,西宁特钢,600117
447,中国卫星,600118
448,长江投资,600119
449,浙江东方,600120
450,郑州煤电,600121
451,宏图高科,600122
452,兰花科创,600123
453,铁龙物流,600125
454,杭钢股份,600126
455,金健米业,600127
456,弘业股份,600128
457,太极集团,600129
458,波导股份,600130
459,岷江水电,600131
460,重庆啤酒,600132
461,东湖高新,600133
462,乐凯胶片,600135
463,当代明诚,600136
464,浪莎股份,600137
465,中青旅,600138
466,西部资源,600139
467,兴发集团,600141
468,金发科技,600143
469,*ST新亿,600145
470,商赢环球,600146
471,长春一东,600148
472,ST坊展,600149
473,*ST船舶,600150
474,航天机电,600151
475,维科技术,600152
476,建发股份,600153
477,华创阳安,600155
478,华升股份,600156
479,永泰能源,600157
480,中体产业,600158
481,大龙地产,600159
482,巨化股份,600160
483,天坛生物,600161
484,香江控股,600162
485,中闽能源,600163
486,新日恒力,600165
487,福田汽车,600166
488,联美控股,600167
489,武汉控股,600168
490,太原重工,600169
491,上海建工,600170
492,上海贝岭,600171
493,黄河旋风,600172
494,卧龙地产,600173
495,美都能源,600175
496,中国巨石,600176
497,雅戈尔,600177
498,东安动力,600178
499,安通控股,600179
500,瑞茂通,600180
501,S*ST云大,600181
502,S佳通,600182
503,生益科技,600183
504,光电股份,600184
505,格力地产,600185
506,莲花健康,600186
507,国中水务,600187
508,兖州煤业,600188
509,吉林森工,600189
510,锦州港,600190
511,华资实业,600191
512,长城电工,600192
513,*ST创兴,600193
514,中牧股份,600195
515,复星医药,600196
516,伊力特,600197
517,*ST大唐,600198
518,金种子酒,600199
519,江苏吴中,600200
520,生物股份,600201
521,*ST哈空,600202
522,福日电子,600203
523,S山东铝,600205
524,有研新材,600206
525,安彩高科,600207
526,新湖中宝,600208
527,*ST罗顿,600209
528,紫江企业,600210
529,西藏药业,600211
530,江泉实业,600212
531,亚星客车,600213
532,长春经开,600215
533,浙江医药,600216
534,中再资环,600217
535,全柴动力,600218
536,南山铝业,600219
537,江苏阳光,600220
538,海航控股,600221
539,太龙药业,600222
540,鲁商置业,600223
541,天津松江,600225
542,瀚叶股份,600226
543,圣济堂,600227
544,ST昌九,600228
545,城市传媒,600229
546,沧州大化,600230
547,凌钢股份,600231
548,金鹰股份,600232
549,圆通速递,600233
550,ST山水,600234
551,民丰特纸,600235
552,桂冠电力,600236
553,铜峰电子,600237
554,*ST椰岛,600238
555,云南城投,600239
556,华业资本,600240
557,时代万恒,600241
558,中昌数据,600242
559,青海华鼎,600243
560,万通地产,600246
561,*ST成城,600247
562,延长化建,600248
563,两面针,600249
564,南纺股份,600250
565,冠农股份,600251
566,中恒集团,600252
567,天方药业,600253
568,梦舟股份,600255
569,广汇能源,600256
570,大湖股份,600257
571,首旅酒店,600258
572,广晟有色,600259
573,凯乐科技,600260
574,阳光照明,600261
575,北方股份,600262
576,路桥建设,600263
577,ST景谷,600265
578,北京城建,600266
579,海正药业,600267
580,国电南自,600268
581,赣粤高速,600269
582,外运发展,600270
583,航天信息,600271
584,开开实业,600272
585,嘉化能源,600273
586,ST昌鱼,600275
587,恒瑞医药,600276
588,亿利洁能,600277
589,东方创业,600278
590,重庆港九,600279
591,中央商场,600280
592,太化股份,600281
593,南钢股份,600282
594,钱江水利,600283
595,浦东建设,600284
596,羚锐制药,600285
597,S*ST国瓷,600286
598,江苏舜天,600287
599,大恒科技,600288
600,*ST信通,600289
601,华仪电气,600290
602,西水股份,600291
603,远达环保,600292
604,三峡新材,600293
605,鄂尔多斯,600295
606,S兰铝,600296
607,广汇汽车,600297
608,安琪酵母,600298
609,安迪苏,600299
610,维维股份,600300
611,ST南化,600301
612,标准股份,600302
613,曙光股份,600303
614,恒顺醋业,600305
615,商业城,600306
616,酒钢宏兴,600307
617,华泰股份,600308
618,万华化学,600309
619,桂东电力,600310
620,荣华实业,600311
621,平高电气,600312
622,农发种业,600313
623,上海家化,600315
624,洪都航空,600316
625,营口港,600317
626,新力金融,600318
627,亚星化学,600319
628,振华重工,600320
629,*ST正源,600321
630,天房发展,600322
631,瀚蓝环境,600323
632,华发股份,600325
633,西藏天路,600326
634,大东方,600327
635,兰太实业,600328
636,中新药业,600329
637,天通股份,600330
638,宏达股份,600331
639,白云山,600332
640,长春燃气,600333
641,国机汽车,600335
642,澳柯玛,600336
643,美克家居,600337
644,西藏珠峰,600338
645,中油工程,600339
646,华夏幸福,600340
647,航天动力,600343
648,长江通信,600345
649,恒力股份,600346
650,阳泉煤业,600348
651,富通昭和,600349
652,山东高速,600350
653,亚宝药业,600351
654,浙江龙盛,600352
655,旭光股份,600353
656,敦煌种业,600354
657,精伦电子,600355
658,恒丰纸业,600356
659,承德钒钛,600357
660,国旅联合,600358
661,新农开发,600359
662,华微电子,600360
663,华联综超,600361
664,江西铜业,600362
665,联创光电,600363
666,通葡股份,600365
667,宁波韵升,600366
668,红星发展,600367
669,五洲交通,600368
670,西南证券,600369
671,三房巷,600370
672,万向德农,600371
673,中航电子,600372
674,中文传媒,600373
675,华菱星马,600375
676,首开股份,600376
677,宁沪高速,600377
678,天科股份,600378
679,宝光股份,600379
680,健康元,600380
681,青海春天,600381
682,广东明珠,600382
683,金地集团,600383
684,山东金泰,600385
685,北巴传媒,600386
686,海越能源,600387
687,龙净环保,600388
688,江山股份,600389
689,五矿资本,600390
690,航发科技,600391
691,盛和资源,600392
692,粤泰股份,600393
693,盘江股份,600395
694,金山股份,600396
695,*ST安煤,600397
696,海澜之家,600398
697,*ST抚钢,600399
698,红豆股份,600400
699,*ST海润,600401
700,大有能源,600403
701,动力源,600405
702,国电南瑞,600406
703,*ST安泰,600408
704,三友化工,600409
705,华胜天成,600410
706,小商品城,600415
707,湘电股份,600416
708,江淮汽车,600418
709,天润乳业,600419
710,现代制药,600420
711,ST仰帆,600421
712,昆药集团,600422
713,*ST柳化,600423
714,青松建化,600425
715,华鲁恒升,600426
716,中远海特,600428
717,三元股份,600429
718,退市吉恩,600432
719,冠豪高新,600433
720,北方导航,600435
721,片仔癀,600436
722,通威股份,600438
723,瑞贝卡,600439
724,国机通用,600444
725,金证股份,600446
726,华纺股份,600448
727,宁夏建材,600449
728,涪陵电力,600452
729,博通股份,600455
730,宝钛股份,600456
731,时代新材,600458
732,贵研铂业,600459
733,士兰微,600460
734,洪城水业,600461
735,ST九有,600462
736,空港股份,600463
737,蓝光发展,600466
738,好当家,600467
739,百利电气,600468
740,风神股份,600469
741,六国化工,600470
742,包头铝业,600472
743,华光股份,600475
744,湘邮科技,600476
745,杭萧钢构,600477
746,科力远,600478
747,千金药业,600479
748,凌云股份,600480
749,双良节能,600481
750,中国动力,600482
751,福能股份,600483
752,信威集团,600485
753,扬农化工,600486
754,亨通光电,600487
755,天药股份,600488
756,中金黄金,600489
757,鹏欣资源,600490
758,龙元建设,600491
759,凤竹纺织,600493
760,晋西车轴,600495
761,精工钢构,600496
762,驰宏锌锗,600497
763,烽火通信,600498
764,科达洁能,600499
765,中化国际,600500
766,航天晨光,600501
767,安徽水利,600502
768,华丽家族,600503
769,西昌电力,600505
770,香梨股份,600506
771,方大特钢,600507
772,上海能源,600508
773,天富能源,600509
774,黑牡丹,600510
775,国药股份,600511
776,腾达建设,600512
777,联环药业,600513
778,海航基础,600515
779,方大炭素,600516
780,置信电气,600517
781,康美药业,600518
782,贵州茅台,600519
783,文一科技,600520
784,华海药业,600521
785,中天科技,600522
786,贵航股份,600523
787,长园集团,600525
788,菲达环保,600526
789,江南高纤,600527
790,中铁工业,600528
791,山东药玻,600529
792,交大昂立,600530
793,豫光金铅,600531
794,宏达矿业,600532
795,栖霞建设,600533
796,天士力,600535
797,中国软件,600536
798,亿晶光电,600537
799,国发股份,600538
800,*ST狮头,600539
801,新赛股份,600540
802,莫高股份,600543
803,卓郎智能,600545
804,山煤国际,600546
805,山东黄金,600547
806,深高速,600548
807,厦门钨业,600549
808,保变电气,600550
809,时代出版,600551
810,凯盛科技,600552
811,太行水泥,600553
812,海航创新,600555
813,ST慧球,600556
814,康缘药业,600557
815,大西洋,600558
816,老白干酒,600559
817,金自天正,600560
818,江西长运,600561
819,国睿科技,600562
820,法拉电子,600563
821,迪马股份,600565
822,济川药业,600566
823,山鹰纸业,600567
824,中珠医疗,600568
825,安阳钢铁,600569
826,恒生电子,600570
827,信雅达,600571
828,康恩贝,600572
829,惠泉啤酒,600573
830,皖江物流,600575
831,祥源文化,600576
832,精达股份,600577
833,京能电力,600578
834,天华院,600579
835,卧龙电气,600580
836,八一钢铁,600581
837,天地科技,600582
838,海油工程,600583
839,长电科技,600584
840,海螺水泥,600585
841,金晶科技,600586
842,新华医疗,600587
843,用友网络,600588
844,广东榕泰,600589
845,泰豪科技,600590
846,*ST上航,600591
847,龙溪股份,600592
848,大连圣亚,600593
849,益佰制药,600594
850,中孚实业,600595
851,新安股份,600596
852,光明乳业,600597
853,北大荒,600598
854,熊猫金控,600599
855,青岛啤酒,600600
856,方正科技,600601
857,云赛智联,600602
858,广汇物流,600603
859,市北高新,600604
860,汇通能源,600605
861,绿地控股,600606
862,上实医药,600607
863,ST沪科,600608
864,金杯汽车,600609
865,*ST毅达,600610
866,大众交通,600611
867,老凤祥,600612
868,神奇制药,600613
869,鹏起科技,600614
870,丰华股份,600615
871,金枫酒业,600616
872,国新能源,600617
873,氯碱化工,600618
874,海立股份,600619
875,天宸股份,600620
876,华鑫股份,600621
877,光大嘉宝,600622
878,华谊集团,600623
879,复旦复华,600624
880,PT水仙,600625
881,申达股份,600626
882,上电股份,600627
883,新世界,600628
884,华建集团,600629
885,龙头股份,600630
886,百联股份,600631
887,华联商厦,600632
888,浙数文化,600633
889,*ST富控,600634
890,大众公用,600635
891,三爱富,600636
892,东方明珠,600637
893,新黄浦,600638
894,浦东金桥,600639
895,号百控股,600640
896,万业企业,600641
897,申能股份,600642
898,爱建集团,600643
899,乐山电力,600644
900,中源协和,600645
901,ST国嘉,600646
902,同达创业,600647
903,外高桥,600648
904,城投控股,600649
905,锦江投资,600650
906,飞乐音响,600651
907,游久游戏,600652
908,申华控股,600653
909,ST中安,600654
910,豫园股份,600655
911,退市博元,600656
912,信达地产,600657
913,电子城,600658
914,*ST花雕,600659
915,福耀玻璃,600660
916,昂立教育,600661
917,强生控股,600662
918,陆家嘴,600663
919,哈药股份,600664
920,天地源,600665
921,奥瑞德,600666
922,太极实业,600667
923,尖峰集团,600668
924,*ST鞍成,600669
925,*ST斯达,600670
926,天目药业,600671
927,*ST华圣,600672
928,东阳光科,600673
929,川投能源,600674
930,中华企业,600675
931,交运股份,600676
932,航天通信,600677
933,四川金顶,600678
934,上海凤凰,600679
935,*ST上普,600680
936,百川能源,600681
937,南京新百,600682
938,京投发展,600683
939,珠江实业,600684
940,中船防务,600685
941,金龙汽车,600686
942,刚泰控股,600687
943,上海石化,600688
944,上海三毛,600689
945,青岛海尔,600690
946,阳煤化工,600691
947,亚通股份,600692
948,东百集团,600693
949,大商股份,600694
950,绿庭投资,600695
951,ST岩石,600696
952,欧亚集团,600697
953,湖南天雁,600698
954,均胜电子,600699
955,*ST数码,600700
956,*ST工新,600701
957,舍得酒业,600702
958,三安光电,600703
959,物产中大,600704
960,中航投资,600705
961,曲江文旅,600706
962,彩虹股份,600707
963,光明地产,600708
964,ST生态,600709
965,苏美达,600710
966,盛屯矿业,600711
967,南宁百货,600712
968,南京医药,600713
969,金瑞矿业,600714
970,文投控股,600715
971,凤凰股份,600716
972,天津港,600717
973,东软集团,600718
974,大连热电,600719
975,祁连山,600720
976,百花村,600721
977,金牛化工,600722
978,首商股份,600723
979,宁波富达,600724
980,ST云维,600725
981,华电能源,600726
982,鲁北化工,600727
983,佳都科技,600728
984,重庆百货,600729
985,中国高科,600730
986,湖南海利,600731
987,ST新梅,600732
988,北汽蓝谷,600733
989,实达集团,600734
990,新华锦,600735
991,苏州高新,600736
992,中粮糖业,600737
993,兰州民百,600738
994,辽宁成大,600739
995,山西焦化,600740
996,华域汽车,600741
997,一汽富维,600742
998,华远地产,600743
999,华银电力,600744
1000,闻泰科技,600745
1001,江苏索普,600746
1002,ST大控,600747
1003,上实发展,600748
1004,*ST藏旅,600749
1005,江中药业,600750
1006,海航科技,600751
1007,*ST哈慈,600752
1008,东方银星,600753
1009,锦江股份,600754
1010,厦门国贸,600755
1011,浪潮软件,600756
1012,长江传媒,600757
1013,红阳能源,600758
1014,洲际油气,600759
1015,中航沈飞,600760
1016,安徽合力,600761
1017,S*ST金荔,600762
1018,通策医疗,600763
1019,中国海防,600764
1020,中航重机,600765
1021,园城黄金,600766
1022,ST运盛,600767
1023,宁波富邦,600768
1024,祥龙电业,600769
1025,综艺股份,600770
1026,广誉远,600771
1027,S*ST龙昌,600772
1028,西藏城投,600773
1029,汉商集团,600774
1030,南京熊猫,600775
1031,东方通信,600776
1032,新潮能源,600777
1033,*ST友好,600778
1034,水井坊,600779
1035,通宝能源,600780
1036,辅仁药业,600781
1037,新钢股份,600782
1038,鲁信创投,600783
1039,鲁银投资,600784
1040,新华百货,600785
1041,东方锅炉,600786
1042,中储股份,600787
1043,*ST达曼,600788
1044,鲁抗医药,600789
1045,轻纺城,600790
1046,京能置业,600791
1047,云煤能源,600792
1048,宜宾纸业,600793
1049,保税科技,600794
1050,国电电力,600795
1051,钱江生化,600796
1052,浙大网新,600797
1053,宁波海运,600798
1054,*ST龙科,600799
1055,天津磁卡,600800
1056,华新水泥,600801
1057,福建水泥,600802
1058,新奥股份,600803
1059,鹏博士,600804
1060,悦达投资,600805
1061,退市昆机,600806
1062,*ST天业,600807
1063,马钢股份,600808
1064,山西汾酒,600809
1065,神马股份,600810
1066,东方集团,600811
1067,华北制药,600812
1068,ST鞍一工,600813
1069,杭州解百,600814
1070,厦工股份,600815
1071,安信信托,600816
1072,ST宏盛,600817
1073,中路股份,600818
1074,耀皮玻璃,600819
1075,隧道股份,600820
1076,津劝业,600821
1077,上海物贸,600822
1078,世茂股份,600823
1079,益民集团,600824
1080,新华传媒,600825
1081,兰生股份,600826
1082,百联股份,600827
1083,茂业商业,600828
1084,人民同泰,600829
1085,香溢融通,600830
1086,广电网络,600831
1087,东方明珠,600832
1088,第一医药,600833
1089,申通地铁,600834
1090,上海机电,600835
1091,界龙实业,600836
1092,海通证券,600837
1093,上海九百,600838
1094,四川长虹,600839
1095,新湖创业,600840
1096,上柴股份,600841
1097,中西药业,600842
1098,上工申贝,600843
1099,丹化科技,600844
1100,宝信软件,600845
1101,同济科技,600846
1102,万里股份,600847
1103,上海临港,600848
1104,上药转换,600849
1105,华东电脑,600850
1106,海欣股份,600851
1107,*ST中川,600852
1108,龙建股份,600853
1109,春兰股份,600854
1110,航天长峰,600855
1111,中天能源,600856
1112,宁波中百,600857
1113,银座股份,600858
1114,王府井,600859
1115,京城股份,600860
1116,北京城乡,600861
1117,中航高科,600862
1118,内蒙华电,600863
1119,哈投股份,600864
1120,百大集团,600865
1121,星湖科技,600866
1122,通化东宝,600867
1123,梅雁吉祥,600868
1124,智慧能源,600869
1125,*ST厦华,600870
1126,*ST油服,600871
1127,中炬高新,600872
1128,梅花生物,600873
1129,创业环保,600874
1130,东方电气,600875
1131,洛阳玻璃,600876
1132,ST嘉陵,600877
1133,*ST北科,600878
1134,航天电子,600879
1135,博瑞传播,600880
1136,亚泰集团,600881
1137,广泽股份,600882
1138,博闻科技,600883
1139,杉杉股份,600884
1140,宏发股份,600885
1141,国投电力,600886
1142,伊利股份,600887
1143,新疆众和,600888
1144,南京化纤,600889
1145,中房股份,600890
1146,秋林集团,600891
1147,大晟文化,600892
1148,航发动力,600893
1149,广日股份,600894
1150,张江高科,600895
1151,*ST海投,600896
1152,厦门空港,600897
1153,国美通讯,600898
1154,*ST信联,600899
1155,长江电力,600900
1156,江苏租赁,600901
1157,贵州燃气,600903
1158,无锡银行,600908
1159,华安证券,600909
1160,重庆燃气,600917
1161,江苏银行,600919
1162,杭州银行,600926
1163,西安银行,600928
1164,湖南盐业,600929
1165,爱柯迪,600933
1166,广西广电,600936
1167,重庆建工,600939
1168,东方证券,600958
1169,江苏有线,600959
1170,渤海汽车,600960
1171,株冶集团,600961
1172,国投中鲁,600962
1173,岳阳林纸,600963
1174,福成股份,600965
1175,博汇纸业,600966
1176,内蒙一机,600967
1177,郴电国际,600969
1178,中材国际,600970
1179,恒源煤电,600971
1180,宝胜股份,600973
1181,新五丰,600975
1182,健民集团,600976
1183,中国电影,600977
1184,宜华木业,600978
1185,广安爱众,600979
1186,北矿科技,600980
1187,汇鸿集团,600981
1188,宁波热电,600982
1189,惠而浦,600983
1190,建设机械,600984
1191,淮北矿业,600985
1192,科达股份,600986
1193,航民股份,600987
1194,赤峰黄金,600988
1195,四创电子,600990
1196,广汽长丰,600991
1197,贵绳股份,600992
1198,马应龙,600993
1199,文山电力,600995
1200,贵广网络,600996
1201,开滦股份,600997
1202,九州通,600998
1203,招商证券,600999
1204,唐山港,601000
1205,大同煤业,601001
1206,晋亿实业,601002
1207,柳钢股份,601003
1208,重庆钢铁,601005
1209,大秦铁路,601006
1210,金陵饭店,601007
1211,连云港,601008
1212,南京银行,601009
1213,文峰股份,601010
1214,宝泰隆,601011
1215,隆基股份,601012
1216,陕西黑猫,601015
1217,节能风电,601016
1218,宁波港,601018
1219,山东出版,601019
1220,华钰矿业,601020
1221,春秋航空,601021
1222,玉龙股份,601028
1223,一拖股份,601038
1224,赛轮轮胎,601058
1225,中信建投,601066
1226,中铝国际,601068
1227,西部黄金,601069
1228,国芳集团,601086
1229,中国神华,601088
1230,中南传媒,601098
1231,太平洋,601099
1232,恒立液压,601100
1233,昊华能源,601101
1234,中国一重,601106
1235,四川成渝,601107
1236,财通证券,601108
1237,中国国航,601111
1238,华鼎股份,601113
1239,三江购物,601116
1240,中国化学,601117
1241,海南橡胶,601118
1242,四方股份,601126
1243,小康股份,601127
1244,常熟银行,601128
1245,博威合金,601137
1246,工业富联,601138
1247,深圳燃气,601139
1248,新城控股,601155
1249,重庆水务,601158
1250,天风证券,601162
1251,三角轮胎,601163
1252,兴业银行,601166
1253,西部矿业,601168
1254,北京银行,601169
1255,杭齿前进,601177
1256,中国西电,601179
1257,中国铁建,601186
1258,龙江交通,601188
1259,东兴证券,601198
1260,江南水务,601199
1261,上海环境,601200
1262,海尔施,601206
1263,东材科技,601208
1264,国泰君安,601211
1265,白银有色,601212
1266,君正集团,601216
1267,吉鑫科技,601218
1268,林洋能源,601222
1269,陕西煤业,601225
1270,华电重工,601226
1271,广州港,601228
1272,上海银行,601229
1273,环旭电子,601231
1274,桐昆股份,601233
1275,广汽集团,601238
1276,庞大集团,601258
1277,*ST二重,601268
1278,农业银行,601288
1279,青岛港,601298
1280,中国北车,601299
1281,骆驼股份,601311
1282,江南嘉捷,601313
1283,中国平安,601318
1284,中国人保,601319
1285,秦港股份,601326
1286,交通银行,601328
1287,绿色动力,601330
1288,广深铁路,601333
1289,新华保险,601336
1290,百隆东方,601339
1291,三六零,601360
1292,利群股份,601366
1293,绿城水务,601368
1294,陕鼓动力,601369
1295,中原证券,601375
1296,兴业证券,601377
1297,怡球资源,601388
1298,中国中铁,601390
1299,工商银行,601398
1300,通用股份,601500
1301,东风股份,601515
1302,吉林高速,601518
1303,大智慧,601519
1304,东吴证券,601555
1305,ST锐电,601558
1306,九牧王,601566
1307,三星医疗,601567
1308,长沙银行,601577
1309,会稽山,601579
1310,北辰实业,601588
1311,上海电影,601595
1312,中国外运,601598
1313,鹿港文化,601599
1314,中国铝业,601600
1315,中国太保,601601
1316,长城军工,601606
1317,上海医药,601607
1318,中信重工,601608
1319,中国核建,601611
1320,明阳智能,601615
1321,广电电气,601616
1322,中国中冶,601618
1323,嘉泽新能,601619
1324,中国人寿,601628
1325,长城汽车,601633
1326,旗滨集团,601636
1327,平煤股份,601666
1328,中国建筑,601668
1329,中国电建,601669
1330,明泰铝业,601677
1331,滨化股份,601678
1332,华泰证券,601688
1333,拓普集团,601689
1334,潞安环能,601699
1335,风范股份,601700
1336,郑煤机,601717
1337,际华集团,601718
1338,上海电气,601727
1339,中国南车,601766
1340,力帆股份,601777
1341,光大证券,601788
1342,宁波建工,601789
1343,*ST蓝科,601798
1344,星宇股份,601799
1345,中国交建,601800
1346,皖新传媒,601801
1347,中海油服,601808
1348,新华文轩,601811
1349,光大银行,601818
1350,美凯龙,601828
1351,成都银行,601838
1352,中国石油,601857
1353,中国科传,601858
1354,紫金银行,601860
1355,福莱特,601865
1356,中远海发,601866
1357,长飞光纤,601869
1358,招商轮船,601872
1359,正泰电器,601877
1360,浙商证券,601878
1361,大连港,601880
1362,中国银河,601881
1363,海天精工,601882
1364,江河集团,601886
1365,中国国旅,601888
1366,亚星锚链,601890
1367,中煤能源,601898
1368,紫金矿业,601899
1369,南方传媒,601900
1370,方正证券,601901
1371,京运通,601908
1372,新集能源,601918
1373,中远海控,601919
1374,凤凰传媒,601928
1375,吉视传媒,601929
1376,永辉超市,601933
1377,建设银行,601939
1378,中国出版,601949
1379,苏垦农发,601952
1380,金钼股份,601958
1381,中国汽研,601965
1382,玲珑轮胎,601966
1383,宝钢包装,601968
1384,海南矿业,601969
1385,ST长油,601975
1386,中国核电,601985
1387,中国银行,601988
1388,中国重工,601989
1389,南京证券,601990
1390,大唐发电,601991
1391,金隅集团,601992
1392,丰林集团,601996
1393,贵阳银行,601997
1394,中信银行,601998
1395,出版传媒,601999
1396,人民网,603000
1397,奥康国际,603001
1398,宏昌电子,603002
1399,龙宇燃油,603003
1400,晶方科技,603005
1401,联明股份,603006
1402,花王股份,603007
1403,喜临门,603008
1404,北特科技,603009
1405,万盛股份,603010
1406,合锻智能,603011
1407,创力集团,603012
1408,亚普股份,603013
1409,弘讯科技,603015
1410,新宏泰,603016
1411,中衡设计,603017
1412,中设集团,603018
1413,中科曙光,603019
1414,爱普股份,603020
1415,山东华鹏,603021
1416,新通联,603022
1417,威帝股份,603023
1418,大豪科技,603025
1419,石大胜华,603026
1420,千禾味业,603027
1421,赛福天,603028
1422,天鹅股份,603029
1423,全筑股份,603030
1424,安德利,603031
1425,德新交运,603032
1426,三维股份,603033
1427,常熟汽饰,603035
1428,如通股份,603036
1429,凯众股份,603037
1430,华立股份,603038
1431,泛微网络,603039
1432,新坐标,603040
1433,美思德,603041
1434,华脉科技,603042
1435,广州酒家,603043
1436,福达合金,603045
1437,科林电气,603050
1438,台华新材,603055
1439,德邦股份,603056
1440,永吉股份,603058
1441,倍加洁,603059
1442,国检集团,603060
1443,禾望电气,603063
1444,音飞储存,603066
1445,振华股份,603067
1446,海汽集团,603069
1447,乐惠国际,603076
1448,和邦生物,603077
1449,江化微,603078
1450,圣达生物,603079
1451,新疆火炬,603080
1452,大丰实业,603081
1453,剑桥科技,603083
1454,天成自控,603085
1455,先达股份,603086
1456,宁波精达,603088
1457,正裕工业,603089
1458,宏盛股份,603090
1459,新经典,603096
1460,森特股份,603098
1461,长白山,603099
1462,川仪股份,603100
1463,汇嘉时代,603101
1464,横店影视,603103
1465,芯能科技,603105
1466,恒银金融,603106
1467,润达医疗,603108
1468,东方材料,603110
1469,康尼机电,603111
1470,金能科技,603113
1471,红蜻蜓,603116
1472,万林物流,603117
1473,共进股份,603118
1474,华培动力,603121
1475,翠微股份,603123
1476,中材节能,603126
1477,昭衍新药,603127
1478,华贸物流,603128
1479,春风动力,603129
1480,上海沪工,603131
1481,碳元科技,603133
1482,天目湖,603136
1483,海量数据,603138
1484,康惠制药,603139
1485,养元饮品,603156
1486,拉夏贝尔,603157
1487,腾龙股份,603158
1488,上海亚虹,603159
1489,汇顶科技,603160
1490,科华控股,603161
1491,荣晟环保,603165
1492,福达股份,603166
1493,渤海轮渡,603167
1494,莎普爱思,603168
1495,兰石重装,603169
1496,德创环保,603177
1497,圣龙股份,603178
1498,新泉股份,603179
1499,金牌厨柜,603180
1500,皇马科技,603181
1501,建研院,603183
1502,上机数控,603185
1503,华正新材,603186
1504,海容冷链,603187
1505,亚邦股份,603188
1506,网达软件,603189
1507,汇得科技,603192
1508,日播时尚,603196
1509,保隆科技,603197
1510,迎驾贡酒,603198
1511,九华旅游,603199
1512,上海洗霸,603200
1513,快克股份,603203
1514,江山欧派,603208
1515,爱婴室,603214
1516,日月股份,603218
1517,贝通信,603220
1518,济民制药,603222
1519,恒通股份,603223
1520,新凤鸣,603225
1521,菲林格尔,603226
1522,雪峰科技,603227
1523,景旺电子,603228
1524,奥翔药业,603229
1525,格尔软件,603232
1526,大参林,603233
1527,诺邦股份,603238
1528,浙江仙通,603239
1529,电魂网络,603258
1530,药明康德,603259
1531,合盛硅业,603260
1532,天龙股份,603266
1533,松发股份,603268
1534,海鸥股份,603269
1535,银都股份,603277
1536,大业股份,603278
1537,赛腾股份,603283
1538,日盈电子,603286
1539,海天味业,603288
1540,泰瑞机器,603289
1541,永新光学,603297
1542,杭叉集团,603298
1543,井神股份,603299
1544,华铁科技,603300
1545,振德医疗,603301
1546,鑫广绿环,603302
1547,得邦照明,603303
1548,旭升股份,603305
1549,华懋科技,603306
1550,应流股份,603308
1551,维力医疗,603309
1552,金海环境,603311
1553,梦百合,603313
1554,福鞍股份,603315
1555,诚邦股份,603316
1556,派思股份,603318
1557,湘油泵,603319
1558,迪贝电气,603320
1559,梅轮电梯,603321
1560,超讯通信,603322
1561,吴江银行,603323
1562,我乐家居,603326
1563,依顿电子,603328
1564,上海雅仕,603329
1565,上海天洋,603330
1566,百达精工,603331
1567,苏州龙杰,603332
1568,尚纬股份,603333
1569,迪生力,603335
1570,宏辉果蔬,603336
1571,杰克股份,603337
1572,浙江鼎力,603338
1573,四方科技,603339
1574,安井食品,603345
1575,文灿股份,603348
1576,威尔药业,603351
1577,莱克电气,603355
1578,华菱精工,603356
1579,设计总院,603357
1580,华达科技,603358
1581,东珠生态,603359
1582,百傲化学,603360
1583,傲农生物,603363
1584,水星家纺,603365
1585,日出东方,603366
1586,辰欣药业,603367
1587,柳药股份,603368
1588,今世缘,603369
1589,东方时尚,603377
1590,亚士创能,603378
1591,易德龙,603380
1592,顶点软件,603383
1593,惠达卫浴,603385
1594,广东骏亚,603386
1595,基蛋生物,603387
1596,元成股份,603388
1597,亚振家居,603389
1598,新天然气,603393
1599,金辰股份,603396
1600,邦宝益智,603398
1601,吉翔股份,603399
1602,信捷电气,603416
1603,鼎信通讯,603421
1604,集友股份,603429
1605,吉比特,603444
1606,九洲药业,603456
1607,勘设股份,603458
1608,风语筑,603466
1609,振静股份,603477
1610,科沃斯,603486
1611,展鹏科技,603488
1612,恒为科技,603496
1613,翔港科技,603499
1614,祥和实业,603500
1615,韦尔股份,603501
1616,金石资源,603505
1617,南都物业,603506
1618,振江股份,603507
1619,思维列控,603508
1620,欧普照明,603515
1621,淳中科技,603516
1622,绝味食品,603517
1623,维格娜丝,603518
1624,立霸股份,603519
1625,司太立,603520
1626,众源新材,603527
1627,多伦科技,603528
1628,掌阅科技,603533
1629,嘉诚国际,603535
1630,惠发股份,603536
1631,美诺华,603538
1632,贵人鸟,603555
1633,海兴电力,603556
1634,起步股份,603557
1635,健盛集团,603558
1636,中通国脉,603559
1637,普莱柯,603566
1638,珍宝岛,603567
1639,伟明环保,603568
1640,长久物流,603569
1641,汇金通,603577
1642,三星新材,603578
1643,荣泰健康,603579
1644,艾艾精工,603580
1645,捷昌驱动,603583
1646,苏利股份,603585
1647,金麒麟,603586
1648,地素时尚,603587
1649,高能环境,603588
1650,口子窖,603589
1651,康辰药业,603590
1652,东尼电子,603595
1653,伯特利,603596
1654,引力传媒,603598
1655,广信股份,603599
1656,永艺股份,603600
1657,再升科技,603601
1658,纵横通信,603602
1659,博天环境,603603
1660,珀莱雅,603605
1661,东方电缆,603606
1662,京华激光,603607
1663,天创时尚,603608
1664,禾丰牧业,603609
1665,诺力股份,603611
1666,索通发展,603612
1667,茶花股份,603615
1668,韩建河山,603616
1669,君禾股份,603617
1670,杭电股份,603618
1671,中曼石油,603619
1672,科森科技,603626
1673,清源股份,603628
1674,利通电子,603629
1675,拉芳家化,603630
1676,徕木股份,603633
1677,南威软件,603636
1678,镇海股份,603637
1679,艾迪精密,603638
1680,海利尔,603639
1681,畅联股份,603648
1682,彤程新材,603650
1683,朗博科技,603655
1684,泰禾光电,603656
1685,春光科技,603657
1686,安图生物,603658
1687,璞泰来,603659
1688,苏州科达,603660
1689,恒林股份,603661
1690,三祥新材,603663
1691,康隆达,603665
1692,亿嘉和,603666
1693,五洲新春,603667
1694,天马科技,603668
1695,灵康药业,603669
1696,卫信康,603676
1697,奇精机械,603677
1698,火炬电子,603678
1699,华体科技,603679
1700,今创集团,603680
1701,晶华新材,603683
1702,晨丰科技,603685
1703,龙马环卫,603686
1704,石英股份,603688
1705,皖天然气,603689
1706,至纯科技,603690
1707,江苏新能,603693
1708,安记食品,603696
1709,航天工程,603698
1710,纽威股份,603699
1711,宁波水表,603700
1712,德宏股份,603701
1713,盛洋科技,603703
1714,东方环宇,603706
1715,健友股份,603707
1716,家家悦,603708
1717,中源家居,603709
1718,香飘飘,603711
1719,七一二,603712
1720,密尔克卫,603713
1721,塞力斯,603716
1722,天域生态,603717
1723,海利生物,603718
1724,中广天择,603721
1725,阿科力,603722
1726,天安新材,603725
1727,朗迪集团,603726
1728,博迈科,603727
1729,鸣志电器,603728
1730,龙韵股份,603729
1731,岱美股份,603730
1732,仙鹤股份,603733
1733,三棵树,603737
1734,泰晶科技,603738
1735,蔚蓝生物,603739
1736,大元泵业,603757
1737,秦安股份,603758
1738,隆鑫通用,603766
1739,中马传动,603767
1740,常青股份,603768
1741,沃格光电,603773
1742,永安行,603776
1743,来伊份,603777
1744,乾景园林,603778
1745,威龙股份,603779
1746,新日股份,603787
1747,宁波高发,603788
1748,星光农机,603789
1749,雅运股份,603790
1750,联泰环保,603797
1751,康普顿,603798
1752,华友钴业,603799
1753,道森股份,603800
1754,志邦家居,603801
1755,瑞斯康达,603803
1756,福斯特,603806
1757,歌力思,603808
1758,豪能股份,603809
1759,丰山集团,603810
1760,诚意药业,603811
1761,原尚股份,603813
1762,顾家家居,603816
1763,海峡环保,603817
1764,曲美家居,603818
1765,神力股份,603819
1766,嘉澳环保,603822
1767,百合花,603823
1768,华扬联众,603825
1769,坤彩科技,603826
1770,柯利达,603828
1771,洛凯股份,603829
1772,欧派家居,603833
1773,四通股份,603838
1774,安正时尚,603839
1775,正平股份,603843
1776,好太太,603848
1777,华荣股份,603855
1778,东宏股份,603856
1779,步长制药,603858
1780,能科股份,603859
1781,中公高科,603860
1782,白云电器,603861
1783,桃李面包,603866
1784,飞科电器,603868
1785,新智认知,603869
1786,嘉友国际,603871
1787,鼎胜新材,603876
1788,太平鸟,603877
1789,武进不锈,603878
1790,永悦科技,603879
1791,南卫股份,603880
1792,数据港,603881
1793,金域医学,603882
1794,老百姓,603883
1795,吉祥航空,603885
1796,元祖股份,603886
1797,城地股份,603887
1798,新华网,603888
1799,新澳股份,603889
1800,春秋电子,603890
1801,天永智能,603895
1802,寿仙谷,603896
1803,长城科技,603897
1804,好莱客,603898
1805,晨光文具,603899
1806,莱绅通灵,603900
1807,永创智能,603901
1808,中持股份,603903
1809,龙蟠科技,603906
1810,牧高笛,603908
1811,合诚股份,603909
1812,佳力图,603912
1813,苏博特,603916
1814,合力科技,603917
1815,金桥信息,603918
1816,金徽酒,603919
1817,世运电路,603920
1818,金鸿顺,603922
1819,铁流股份,603926
1820,兴业股份,603928
1821,亚翔集成,603929
1822,睿能科技,603933
1823,博敏电子,603936
1824,丽岛新材,603937
1825,三孚股份,603938
1826,益丰药房,603939
1827,大千生态,603955
1828,威派格,603956
1829,哈森股份,603958
1830,百利科技,603959
1831,克来机电,603960
1832,大理药业,603963
1833,法兰泰克,603966
1834,醋化股份,603968
1835,银龙股份,603969
1836,中农立华,603970
1837,正川股份,603976
1838,国泰集团,603977
1839,深圳新星,603978
1840,金诚信,603979
1841,吉华集团,603980
1842,恒润股份,603985
1843,兆易创新,603986
1844,康德莱,603987
1845,中电电机,603988
1846,艾华集团,603989
1847,麦迪科技,603990
1848,至正股份,603991
1849,洛阳钼业,603993
1850,中新科技,603996
1851,继峰股份,603997
1852,方盛制药,603998
1853,读者传媒,603999
1854,云赛B股,900901
1855,市北B股,900902
1856,大众B股,900903
1857,神奇B股,900904
1858,老凤祥B,900905
1859,*ST毅达B,900906
1860,鹏起B股,900907
1861,氯碱B股,900908
1862,华谊B股,900909
1863,海立B股,900910
1864,金桥B股,900911
1865,外高B股,900912
1866,国新B股,900913
1867,锦投B股,900914
1868,中路B股,900915
1869,凤凰B股,900916
1870,海欣B股,900917
1871,耀皮B股,900918
1872,绿庭B股,900919
1873,上柴B股,900920
1874,丹科B股,900921
1875,三毛B股,900922
1876,百联B股,900923
1877,上工B股,900924
1878,机电B股,900925
1879,宝信B,900926
1880,物贸B股,900927
1881,临港B股,900928
1882,锦旅B股,900929
1883,*ST沪普B,900930
1884,PT水仙B,900931
1885,陆家B股,900932
1886,华新B股,900933
1887,锦江B股,900934
1888,阳晨B股,900935
1889,鄂资B股,900936
1890,华电B股,900937
1891,海科B,900938
1892,汇丽B,900939
1893,大名城B,900940
1894,东信B股,900941
1895,黄山B股,900942
1896,开开B股,900943
1897,海控B股,900945
1898,天雁B股,900946
1899,振华B股,900947
1900,伊泰B股,900948
1901,东电B股,900949
1902,新城B股,900950
1903,ST大化B,900951
1904,锦港B股,900952
1905,凯马B,900953
1906,海创B股,900955
1907,东贝B股,900956
1908,凌云B股,900957
1909,平安银行,000001
1910,万科A,000002
1911,PT金田A,000003
1912,国农科技,000004
1913,世纪星源,000005
1914,深振业A,000006
1915,全新好,000007
1916,神州高铁,000008
1917,中国宝安,000009
1918,美丽生态,000010
1919,深物业A,000011
1920,南玻A,000012
1921,*ST石化A,000013
1922,沙河股份,000014
1923,PT中浩A,000015
1924,深康佳A,000016
1925,深中华A,000017
1926,神州长城,000018
1927,深深宝A,000019
1928,深华发A,000020
1929,深科技,000021
1930,深赤湾A,000022
1931,深天地A,000023
1932,招商地产,000024
1933,特力A,000025
1934,飞亚达A,000026
1935,深圳能源,000027
1936,国药一致,000028
1937,深深房A,000029
1938,富奥股份,000030
1939,中粮地产,000031
1940,深桑达A,000032
1941,新都退,000033
1942,神州数码,000034
1943,中国天楹,000035
1944,华联控股,000036
1945,深南电A,000037
1946,深大通,000038
1947,中集集团,000039
1948,东旭蓝天,000040
1949,中洲控股,000042
1950,中航善达,000043
1951,深纺织A,000045
1952,泛海控股,000046
1953,ST中侨,000047
1954,*ST康达,000048
1955,德赛电池,000049
1956,深天马A,000050
1957,方大集团,000055
1958,皇庭国际,000056
1959,深赛格,000058
1960,华锦股份,000059
1961,中金岭南,000060
1962,农产品,000061
1963,深圳华强,000062
1964,中兴通讯,000063
1965,北方国际,000065
1966,中国长城,000066
1967,华控赛格,000068
1968,华侨城A,000069
1969,特发信息,000070
1970,海王生物,000078
1971,盐田港,000088
1972,深圳机场,000089
1973,天健集团,000090
1974,广聚能源,000096
1975,中信海直,000099
1976,TCL集团,000100
1977,宜华健康,000150
1978,中成股份,000151
1979,丰原药业,000153
1980,川能动力,000155
1981,华数传媒,000156
1982,中联重科,000157
1983,常山北明,000158
1984,国际实业,000159
1985,申万宏源,000166
1986,东方盛虹,000301
1987,美的集团,000333
1988,潍柴动力,000338
1989,许继电气,000400
1990,冀东水泥,000401
1991,金融街,000402
1992,振兴生化,000403
1993,长虹华意,000404
1994,ST鑫光,000405
1995,石油大明,000406
1996,胜利股份,000407
1997,藏格控股,000408
1998,*ST地矿,000409
1999,沈阳机床,000410
2000,英特集团,000411
2001,ST五环,000412
2002,东旭光电,000413
2003,渤海租赁,000415
2004,民生控股,000416
2005,合肥百货,000417
2006,小天鹅A,000418
2007,通程控股,000419
2008,吉林化纤,000420
2009,南京公用,000421
2010,*ST宜化,000422
2011,东阿阿胶,000423
2012,徐工机械,000425
2013,兴业矿业,000426
2014,华天酒店,000428
2015,粤高速A,000429
2016,张家界,000430
2017,晨鸣纸业,000488
2018,山东路桥,000498
2019,鄂武商A,000501
2020,绿景控股,000502
2021,国新健康,000503
2022,南华生物,000504
2023,京粮控股,000505
2024,中润资源,000506
2025,珠海港,000507
2026,琼民源A,000508
2027,华塑控股,000509
2028,金路集团,000510
2029,烯碳退,000511
2030,丽珠集团,000513
2031,渝开发,000514
2032,攀渝钛业,000515
2033,国际医学,000516
2034,荣安地产,000517
2035,四环生物,000518
2036,中兵红箭,000519
2037,长航凤凰,000520
2038,长虹美菱,000521
2039,白云山A,000522
2040,广州浪奇,000523
2041,岭南控股,000524
2042,红太阳,000525
2043,紫光学大,000526
2044,美的电器,000527
2045,柳工,000528
2046,广弘控股,000529
2047,大冷股份,000530
2048,穗恒运A,000531
2049,华金资本,000532
2050,万家乐,000533
2051,万泽股份,000534
2052,*ST猴王,000535
2053,华映科技,000536
2054,广宇发展,000537
2055,云南白药,000538
2056,粤电力A,000539
2057,中天金融,000540
2058,佛山照明,000541
2059,TCL通讯,000542
2060,皖能电力,000543
2061,中原环保,000544
2062,金浦钛业,000545
2063,金圆股份,000546
2064,航天发展,000547
2065,湖南投资,000548
2066,S湘火炬,000549
2067,江铃汽车,000550
2068,创元科技,000551
2069,靖远煤电,000552
2070,安道麦A,000553
2071,泰山石油,000554
2072,神州信息,000555
2073,PT南洋,000556
2074,西部创业,000557
2075,莱茵体育,000558
2076,万向钱潮,000559
2077,我爱我家,000560
2078,烽火电子,000561
2079,宏源证券,000562
2080,陕国投A,000563
2081,供销大集,000564
2082,渝三峡A,000565
2083,海南海药,000566
2084,海德股份,000567
2085,泸州老窖,000568
2086,长城股份,000569
2087,苏常柴A,000570
2088,新大洲A,000571
2089,海马汽车,000572
2090,粤宏远A,000573
2091,广东甘化,000576
2092,盐湖集团,000578
2093,威孚高科,000581
2094,北部湾港,000582
2095,S*ST托普,000583
2096,哈工智能,000584
2097,*ST东电,000585
2098,汇源通信,000586
2099,金洲慈航,000587
2100,PT粤金曼,000588
2101,黔轮胎A,000589
2102,启迪古汉,000590
2103,太阳能,000591
2104,平潭发展,000592
2105,大通燃气,000593
2106,国恒退,000594
2107,宝塔实业,000595
2108,古井贡酒,000596
2109,东北制药,000597
2110,兴蓉环境,000598
2111,青岛双星,000599
2112,建投能源,000600
2113,韶能股份,000601
2114,金马集团,000602
2115,盛达矿业,000603
2116,渤海股份,000605
2117,顺利办,000606
2118,华媒控股,000607
2119,阳光股份,000608
2120,中迪投资,000609
2121,西安旅游,000610
2122,天首发展,000611
2123,焦作万方,000612
2124,大东海A,000613
2125,京汉股份,000615
2126,海航投资,000616
2127,中油资本,000617
2128,吉林化工,000618
2129,海螺型材,000619
2130,新华联,000620
2131,*ST比特,000621
2132,恒立实业,000622
2133,吉林敖东,000623
2134,长安汽车,000625
2135,远大控股,000626
2136,天茂集团,000627
2137,高新发展,000628
2138,攀钢钒钛,000629
2139,铜陵有色,000630
2140,顺发恒业,000631
2141,三木集团,000632
2142,合金投资,000633
2143,英力特,000635
2144,风华高科,000636
2145,茂化实华,000637
2146,万方发展,000638
2147,西王食品,000639
2148,仁和药业,000650
2149,格力电器,000651
2150,泰达股份,000652
2151,ST九州,000653
2152,*ST金岭,000655
2153,金科股份,000656
2154,中钨高新,000657
2155,ST海洋,000658
2156,珠海中富,000659
2157,*ST南华,000660
2158,长春高新,000661
2159,天夏智慧,000662
2160,永安林业,000663
2161,湖北广电,000665
2162,经纬纺机,000666
2163,美好置业,000667
2164,荣丰控股,000668
2165,金鸿控股,000669
2166,盈方微,000670
2167,阳光城,000671
2168,上峰水泥,000672
2169,当代东方,000673
2170,ST银山,000675
2171,智度股份,000676
2172,恒天海龙,000677
2173,襄阳轴承,000678
2174,大连友谊,000679
2175,山推股份,000680
2176,视觉中国,000681
2177,东方电子,000682
2178,远兴能源,000683
2179,中山公用,000685
2180,东北证券,000686
2181,华讯方舟,000687
2182,国城矿业,000688
2183,ST宏业,000689
2184,宝新能源,000690
2185,亚太实业,000691
2186,惠天热电,000692
2187,*ST华泽,000693
2188,滨海能源,000695
2189,炼石航空,000697
2190,沈阳化工,000698
2191,S*ST佳纸,000699
2192,模塑科技,000700
2193,厦门信达,000701
2194,正虹科技,000702
2195,恒逸石化,000703
2196,浙江震元,000705
2197,*ST双环,000707
2198,大冶特钢,000708
2199,河钢股份,000709
2200,贝瑞基因,000710
2201,京蓝科技,000711
2202,锦龙股份,000712
2203,丰乐种业,000713
2204,中兴商业,000715
2205,黑芝麻,000716
2206,韶钢松山,000717
2207,苏宁环球,000718
2208,中原传媒,000719
2209,*ST新能,000720
2210,西安饮食,000721
2211,湖南发展,000722
2212,美锦能源,000723
2213,京东方A,000725
2214,鲁泰A,000726
2215,华东科技,000727
2216,国元证券,000728
2217,燕京啤酒,000729
2218,*ST环保,000730
2219,四川美丰,000731
2220,泰禾集团,000732
2221,振华科技,000733
2222,罗牛山,000735
2223,中交地产,000736
2224,*ST南风,000737
2225,航发控制,000738
2226,普洛药业,000739
2227,长城信息,000748
2228,国海证券,000750
2229,锌业股份,000751
2230,西藏发展,000752
2231,漳州发展,000753
2232,山西路桥,000755
2233,新华制药,000756
2234,浩物股份,000757
2235,中色股份,000758
2236,中百集团,000759
2237,斯太尔,000760
2238,本钢板材,000761
2239,西藏矿业,000762
2240,锦州石化,000763
2241,*ST华信,000765
2242,通化金马,000766
2243,漳泽电力,000767
2244,中航飞机,000768
2245,*ST大菲,000769
2246,广发证券,000776
2247,中核科技,000777
2248,新兴铸管,000778
2249,三毛派神,000779
2250,平庄能源,000780
2251,美达股份,000782
2252,长江证券,000783
2253,武汉中商,000785
2254,北新建材,000786
2255,*ST创智,000787
2256,北大医药,000788
2257,万年青,000789
2258,泰合健康,000790
2259,甘肃电投,000791
2260,盐湖股份,000792
2261,华闻传媒,000793
2262,英洛华,000795
2263,凯撒旅游,000796
2264,中国武夷,000797
2265,中水渔业,000798
2266,酒鬼酒,000799
2267,一汽轿车,000800
2268,四川九洲,000801
2269,北京文化,000802
2270,金宇车城,000803
2271,*ST炎黄,000805
2272,银河生物,000806
2273,云铝股份,000807
2274,铁岭新城,000809
2275,创维数字,000810
2276,冰轮环境,000811
2277,陕西金叶,000812
2278,德展健康,000813
2279,美利云,000815
2280,*ST慧业,000816
2281,辽河油田,000817
2282,航锦科技,000818
2283,岳阳兴长,000819
2284,神雾节能,000820
2285,京山轻机,000821
2286,山东海化,000822
2287,超声电子,000823
2288,太钢不锈,000825
2289,启迪桑德,000826
2290,*ST长兴,000827
2291,东莞控股,000828
2292,天音控股,000829
2293,鲁西化工,000830
2294,五矿稀土,000831
2295,*ST龙涤,000832
2296,粤桂股份,000833
2297,长城动漫,000835
2298,富通鑫茂,000836
2299,秦川机床,000837
2300,财信发展,000838
2301,中信国安,000839
2302,承德露露,000848
2303,华茂股份,000850
2304,高鸿股份,000851
2305,石化机械,000852
2306,冀东装备,000856
2307,五粮液,000858
2308,国风塑业,000859
2309,顺鑫农业,000860
2310,海印股份,000861
2311,银星能源,000862
2312,三湘印象,000863
2313,扬子石化,000866
2314,安凯客车,000868
2315,张裕A,000869
2316,吉电股份,000875
2317,新希望,000876
2318,天山股份,000877
2319,云南铜业,000878
2320,潍柴重机,000880
2321,中广核技,000881
2322,华联股份,000882
2323,湖北能源,000883
2324,城发环境,000885
2325,海南高速,000886
2326,中鼎股份,000887
2327,峨眉山A,000888
2328,中嘉博创,000889
2329,法尔胜,000890
2330,欢瑞世纪,000892
2331,*ST东凌,000893
2332,双汇发展,000895
2333,津滨发展,000897
2334,鞍钢股份,000898
2335,赣能股份,000899
2336,现代投资,000900
2337,航天科技,000901
2338,新洋丰,000902
2339,云内动力,000903
2340,厦门港务,000905
2341,浙商中拓,000906
2342,景峰医药,000908
2343,数源科技,000909
2344,大亚圣象,000910
2345,南宁糖业,000911
2346,*ST天化,000912
2347,钱江摩托,000913
2348,山大华特,000915
2349,华北高速,000916
2350,电广传媒,000917
2351,嘉凯城,000918
2352,金陵药业,000919
2353,南方汇通,000920
2354,海信家电,000921
2355,佳电股份,000922
2356,河北宣工,000923
2357,众合科技,000925
2358,福星股份,000926
2359,一汽夏利,000927
2360,中钢国际,000928
2361,兰州黄河,000929
2362,中粮生化,000930
2363,中关村,000931
2364,华菱钢铁,000932
2365,神火股份,000933
2366,四川双马,000935
2367,华西股份,000936
2368,冀中能源,000937
2369,紫光股份,000938
2370,*ST凯迪,000939
2371,南天信息,000948
2372,新乡化纤,000949
2373,重药控股,000950
2374,中国重汽,000951
2375,广济药业,000952
2376,ST河化,000953
2377,欣龙控股,000955
2378,中原油气,000956
2379,中通客车,000957
2380,东方能源,000958
2381,首钢股份,000959
2382,锡业股份,000960
2383,中南建设,000961
2384,东方钽业,000962
2385,华东医药,000963
2386,天保基建,000965
2387,长源电力,000966
2388,盈峰环境,000967
2389,蓝焰控股,000968
2390,安泰科技,000969
2391,中科三环,000970
2392,高升控股,000971
2393,ST中基,000972
2394,佛塑科技,000973
2395,银泰资源,000975
2396,华铁股份,000976
2397,浪潮信息,000977
2398,桂林旅游,000978
2399,中弘退,000979
2400,众泰汽车,000980
2401,银亿股份,000981
2402,*ST中绒,000982
2403,西山煤电,000983
2404,大庆华科,000985
2405,越秀金控,000987
2406,华工科技,000988
2407,九芝堂,000989
2408,诚志股份,000990
2409,通海高科,000991
2410,闽东电力,000993
2411,*ST皇台,000995
2412,中国中期,000996
2413,新大陆,000997
2414,隆平高科,000998
2415,华润三九,000999
2416,宗申动力,001696
2417,招商港口,001872
2418,豫能控股,001896
2419,招商公路,001965
2420,招商蛇口,001979
2421,新和成,002001
2422,鸿达兴业,002002
2423,伟星股份,002003
2424,华邦健康,002004
2425,德豪润达,002005
2426,精功科技,002006
2427,华兰生物,002007
2428,大族激光,002008
2429,天奇股份,002009
2430,传化智联,002010
2431,盾安环境,002011
2432,凯恩股份,002012
2433,中航机电,002013
2434,永新股份,002014
2435,霞客环保,002015
2436,世荣兆业,002016
2437,东信和平,002017
2438,*ST华信,002018
2439,亿帆医药,002019
2440,京新药业,002020
2441,中捷资源,002021
2442,科华生物,002022
2443,海特高新,002023
2444,苏宁易购,002024
2445,航天电器,002025
2446,山东威达,002026
2447,分众传媒,002027
2448,思源电气,002028
2449,七匹狼,002029
2450,达安基因,002030
2451,巨轮智能,002031
2452,苏泊尔,002032
2453,丽江旅游,002033
2454,旺能环境,002034
2455,华帝股份,002035
2456,联创电子,002036
2457,久联发展,002037
2458,双鹭药业,002038
2459,黔源电力,002039
2460,南京港,002040
2461,登海种业,002041
2462,华孚时尚,002042
2463,兔宝宝,002043
2464,美年健康,002044
2465,国光电器,002045
2466,轴研科技,002046
2467,宝鹰股份,002047
2468,宁波华翔,002048
2469,紫光国微,002049
2470,三花智控,002050
2471,中工国际,002051
2472,同洲电子,002052
2473,云南能投,002053
2474,德美化工,002054
2475,得润电子,002055
2476,横店东磁,002056
2477,中钢天源,002057
2478,威尔泰,002058
2479,云南旅游,002059
2480,粤水电,002060
2481,浙江交科,002061
2482,宏润建设,002062
2483,远光软件,002063
2484,华峰氨纶,002064
2485,东华软件,002065
2486,瑞泰科技,002066
2487,景兴纸业,002067
2488,黑猫股份,002068
2489,獐子岛,002069
2490,*ST众和,002070
2491,长城影视,002071
2492,凯瑞德,002072
2493,软控股份,002073
2494,国轩高科,002074
2495,沙钢股份,002075
2496,雪莱特,002076
2497,大港股份,002077
2498,太阳纸业,002078
2499,苏州固锝,002079
2500,中材科技,002080
2501,金螳螂,002081
2502,万邦德,002082
2503,孚日股份,002083
2504,海鸥住工,002084
2505,万丰奥威,002085
2506,东方海洋,002086
2507,新野纺织,002087
2508,鲁阳节能,002088
2509,新海宜,002089
2510,金智科技,002090
2511,江苏国泰,002091
2512,中泰化学,002092
2513,国脉科技,002093
2514,青岛金王,002094
2515,生意宝,002095
2516,南岭民爆,002096
2517,山河智能,002097
2518,浔兴股份,002098
2519,海翔药业,002099
2520,天康生物,002100
2521,广东鸿图,002101
2522,ST冠福,002102
2523,广博股份,002103
2524,恒宝股份,002104
2525,信隆健康,002105
2526,莱宝高科,002106
2527,沃华医药,002107
2528,沧州明珠,002108
2529,兴化股份,002109
2530,三钢闽光,002110
2531,威海广泰,002111
2532,三变科技,002112
2533,天润数娱,002113
2534,罗平锌电,002114
2535,三维通信,002115
2536,中国海诚,002116
2537,东港股份,002117
2538,紫鑫药业,002118
2539,康强电子,002119
2540,韵达股份,002120
2541,科陆电子,002121
2542,*ST天马,002122
2543,梦网集团,002123
2544,天邦股份,002124
2545,湘潭电化,002125
2546,银轮股份,002126
2547,南极电商,002127
2548,露天煤业,002128
2549,中环股份,002129
2550,沃尔核材,002130
2551,利欧股份,002131
2552,恒星科技,002132
2553,广宇集团,002133
2554,天津普林,002134
2555,东南网架,002135
2556,安纳达,002136
2557,麦达数字,002137
2558,顺络电子,002138
2559,拓邦股份,002139
2560,东华科技,002140
2561,贤丰控股,002141
2562,宁波银行,002142
2563,印纪传媒,002143
2564,宏达高科,002144
2565,中核钛白,002145
2566,荣盛发展,002146
2567,ST新光,002147
2568,北纬科技,002148
2569,西部材料,002149
2570,通润装备,002150
2571,北斗星通,002151
2572,广电运通,002152
2573,石基信息,002153
2574,报喜鸟,002154
2575,湖南黄金,002155
2576,通富微电,002156
2577,正邦科技,002157
2578,汉钟精机,002158
2579,三特索道,002159
2580,常铝股份,002160
2581,远望谷,002161
2582,悦心健康,002162
2583,中航三鑫,002163
2584,宁波东力,002164
2585,红宝丽,002165
2586,莱茵生物,002166
2587,东方锆业,002167
2588,深圳惠程,002168
2589,智光电气,002169
2590,芭田股份,002170
2591,楚江新材,002171
2592,澳洋健康,002172
2593,创新医疗,002173
2594,游族网络,002174
2595,东方网络,002175
2596,江特电机,002176
2597,御银股份,002177
2598,延华智能,002178
2599,中航光电,002179
2600,纳思达,002180
2601,粤传媒,002181
2602,云海金属,002182
2603,怡亚通,002183
2604,海得控制,002184
2605,华天科技,002185
2606,全聚德,002186
2607,广百股份,002187
2608,*ST巴士,002188
2609,利达光电,002189
2610,成飞集成,002190
2611,劲嘉股份,002191
2612,融捷股份,002192
2613,如意集团,002193
2614,*ST凡谷,002194
2615,二三四五,002195
2616,方正电机,002196
2617,证通电子,002197
2618,嘉应制药,002198
2619,东晶电子,002199
2620,云投生态,002200
2621,九鼎新材,002201
2622,金风科技,002202
2623,海亮股份,002203
2624,大连重工,002204
2625,国统股份,002205
2626,海利得,002206
2627,ST准油,002207
2628,合肥城建,002208
2629,达意隆,002209
2630,飞马国际,002210
2631,宏达新材,002211
2632,南洋股份,002212
2633,特尔佳,002213
2634,大立科技,002214
2635,诺普信,002215
2636,三全食品,002216
2637,合力泰,002217
2638,拓日新能,002218
2639,恒康医疗,002219
2640,天宝食品,002220
2641,东华能源,002221
2642,福晶科技,002222
2643,鱼跃医疗,002223
2644,三力士,002224
2645,濮耐股份,002225
2646,江南化工,002226
2647,奥特迅,002227
2648,合兴包装,002228
2649,鸿博股份,002229
2650,科大讯飞,002230
2651,奥维通信,002231
2652,启明信息,002232
2653,塔牌集团,002233
2654,民和股份,002234
2655,安妮股份,002235
2656,大华股份,002236
2657,恒邦股份,002237
2658,天威视讯,002238
2659,奥特佳,002239
2660,威华股份,002240
2661,歌尔股份,002241
2662,九阳股份,002242
2663,通产丽星,002243
2664,滨江集团,002244
2665,澳洋顺昌,002245
2666,北化股份,002246
2667,聚力文化,002247
2668,华东数控,002248
2669,大洋电机,002249
2670,联化科技,002250
2671,步步高,002251
2672,上海莱士,002252
2673,川大智胜,002253
2674,泰和新材,002254
2675,海陆重工,002255
2676,兆新股份,002256
2677,立立电子,002257
2678,利尔化学,002258
2679,ST升达,002259
2680,*ST德奥,002260
2681,拓维信息,002261
2682,恩华药业,002262
2683,*ST东南,002263
2684,新华都,002264
2685,西仪股份,002265
2686,浙富控股,002266
2687,陕天然气,002267
2688,卫士通,002268
2689,美邦服饰,002269
2690,华明装备,002270
2691,东方雨虹,002271
2692,川润股份,002272
2693,水晶光电,002273
2694,华昌化工,002274
2695,桂林三金,002275
2696,万马股份,002276
2697,友阿股份,002277
2698,神开股份,002278
2699,久其软件,002279
2700,联络互动,002280
2701,光迅科技,002281
2702,博深工具,002282
2703,天润曲轴,002283
2704,亚太股份,002284
2705,世联行,002285
2706,保龄宝,002286
2707,奇正藏药,002287
2708,超华科技,002288
2709,宇顺电子,002289
2710,中科新材,002290
2711,星期六,002291
2712,奥飞娱乐,002292
2713,罗莱生活,002293
2714,信立泰,002294
2715,精艺股份,002295
2716,辉煌科技,002296
2717,博云新材,002297
2718,中电兴发,002298
2719,圣农发展,002299
2720,太阳电缆,002300
2721,齐心集团,002301
2722,西部建设,002302
2723,美盈森,002303
2724,洋河股份,002304
2725,南国置业,002305
2726,*ST云网,002306
2727,北新路桥,002307
2728,威创股份,002308
2729,中利集团,002309
2730,东方园林,002310
2731,海大集团,002311
2732,三泰控股,002312
2733,日海智能,002313
2734,南山控股,002314
2735,焦点科技,002315
2736,亚联发展,002316
2737,众生药业,002317
2738,久立特材,002318
2739,乐通股份,002319
2740,海峡股份,002320
2741,华英农业,002321
2742,理工环科,002322
2743,*ST百特,002323
2744,普利特,002324
2745,洪涛股份,002325
2746,永太科技,002326
2747,富安娜,002327
2748,新朋股份,002328
2749,皇氏集团,002329
2750,得利斯,002330
2751,皖通科技,002331
2752,仙琚制药,002332
2753,罗普斯金,002333
2754,英威腾,002334
2755,科华恒盛,002335
2756,人人乐,002336
2757,赛象科技,002337
2758,奥普光电,002338
2759,积成电子,002339
2760,格林美,002340
2761,新纶科技,002341
2762,巨力索具,002342
2763,慈文传媒,002343
2764,海宁皮城,002344
2765,潮宏基,002345
2766,柘中股份,002346
2767,泰尔股份,002347
2768,高乐股份,002348
2769,精华制药,002349
2770,北京科锐,002350
2771,漫步者,002351
2772,顺丰控股,002352
2773,杰瑞股份,002353
2774,天神娱乐,002354
2775,兴民智通,002355
2776,赫美集团,002356
2777,富临运业,002357
2778,森源电气,002358
2779,北讯集团,002359
2780,同德化工,002360
2781,神剑股份,002361
2782,汉王科技,002362
2783,隆基机械,002363
2784,中恒电气,002364
2785,永安药业,002365
2786,台海核电,002366
2787,康力电梯,002367
2788,太极股份,002368
2789,卓翼科技,002369
2790,亚太药业,002370
2791,北方华创,002371
2792,伟星新材,002372
2793,千方科技,002373
2794,丽鹏股份,002374
2795,亚厦股份,002375
2796,新北洋,002376
2797,国创高新,002377
2798,章源钨业,002378
2799,宏创控股,002379
2800,科远股份,002380
2801,双箭股份,002381
2802,蓝帆医疗,002382
2803,合众思壮,002383
2804,东山精密,002384
2805,大北农,002385
2806,天原集团,002386
2807,维信诺,002387
2808,新亚制程,002388
2809,航天彩虹,002389
2810,信邦制药,002390
2811,长青股份,002391
2812,北京利尔,002392
2813,力生制药,002393
2814,联发股份,002394
2815,双象股份,002395
2816,星网锐捷,002396
2817,梦洁股份,002397
2818,建研集团,002398
2819,海普瑞,002399
2820,省广集团,002400
2821,中远海科,002401
2822,和而泰,002402
2823,爱仕达,002403
2824,嘉欣丝绸,002404
2825,四维图新,002405
2826,远东传动,002406
2827,多氟多,002407
2828,齐翔腾达,002408
2829,雅克科技,002409
2830,广联达,002410
2831,延安必康,002411
2832,汉森制药,002412
2833,雷科防务,002413
2834,高德红外,002414
2835,海康威视,002415
2836,爱施德,002416
2837,深南股份,002417
2838,康盛股份,002418
2839,天虹股份,002419
2840,毅昌股份,002420
2841,达实智能,002421
2842,科伦药业,002422
2843,中原特钢,002423
2844,贵州百灵,002424
2845,凯撒文化,002425
2846,胜利精密,002426
2847,*ST尤夫,002427
2848,云南锗业,002428
2849,兆驰股份,002429
2850,杭氧股份,002430
2851,棕榈股份,002431
2852,九安医疗,002432
2853,太安堂,002433
2854,万里扬,002434
2855,长江润发,002435
2856,兴森科技,002436
2857,誉衡药业,002437
2858,江苏神通,002438
2859,启明星辰,002439
2860,闰土股份,002440
2861,众业达,002441
2862,龙星化工,002442
2863,金洲管道,002443
2864,巨星科技,002444
2865,ST中南,002445
2866,盛路通信,002446
2867,晨鑫科技,002447
2868,中原内配,002448
2869,国星光电,002449
2870,ST康得新,002450
2871,摩恩电气,002451
2872,长高集团,002452
2873,华软科技,002453
2874,松芝股份,002454
2875,百川股份,002455
2876,欧菲科技,002456
2877,青龙管业,002457
2878,益生股份,002458
2879,天业通联,002459
2880,赣锋锂业,002460
2881,珠江啤酒,002461
2882,嘉事堂,002462
2883,沪电股份,002463
2884,众应互联,002464
2885,海格通信,002465
2886,天齐锂业,002466
2887,二六三,002467
2888,申通快递,002468
2889,三维工程,002469
2890,金正大,002470
2891,中超控股,002471
2892,双环传动,002472
2893,*ST圣莱,002473
2894,榕基软件,002474
2895,立讯精密,002475
2896,宝莫股份,002476
2897,雏鹰农牧,002477
2898,常宝股份,002478
2899,富春环保,002479
2900,新筑股份,002480
2901,双塔食品,002481
2902,广田集团,002482
2903,润邦股份,002483
2904,江海股份,002484
2905,希努尔,002485
2906,嘉麟杰,002486
2907,大金重工,002487
2908,金固股份,002488
2909,浙江永强,002489
2910,山东墨龙,002490
2911,通鼎互联,002491
2912,恒基达鑫,002492
2913,荣盛石化,002493
2914,华斯股份,002494
2915,佳隆股份,002495
2916,ST辉丰,002496
2917,雅化集团,002497
2918,汉缆股份,002498
2919,科林环保,002499
2920,山西证券,002500
2921,利源精制,002501
2922,骅威文化,002502
2923,搜于特,002503
2924,弘高创意,002504
2925,大康农业,002505
2926,协鑫集成,002506
2927,涪陵榨菜,002507
2928,老板电器,002508
2929,天广中茂,002509
2930,天汽模,002510
2931,中顺洁柔,002511
2932,达华智能,002512
2933,蓝丰生化,002513
2934,宝馨科技,002514
2935,金字火腿,002515
2936,旷达科技,002516
2937,恺英网络,002517
2938,科士达,002518
2939,银河电子,002519
2940,日发精机,002520
2941,齐峰新材,002521
2942,浙江众成,002522
2943,天桥起重,002523
2944,光正集团,002524
2945,胜景山河,002525
2946,山东矿机,002526
2947,新时达,002527
2948,英飞拓,002528
2949,海源复材,002529
2950,金财互联,002530
2951,天顺风能,002531
2952,新界泵业,002532
2953,金杯电工,002533
2954,杭锅股份,002534
2955,林州重机,002535
2956,西泵股份,002536
2957,海联金汇,002537
2958,司尔特,002538
2959,云图控股,002539
2960,亚太科技,002540
2961,鸿路钢构,002541
2962,中化岩土,002542
2963,万和电气,002543
2964,杰赛科技,002544
2965,东方铁塔,002545
2966,新联电子,002546
2967,春兴精工,002547
2968,金新农,002548
2969,凯美特气,002549
2970,千红制药,002550
2971,尚荣医疗,002551
2972,*ST宝鼎,002552
2973,南方轴承,002553
2974,惠博普,002554
2975,三七互娱,002555
2976,辉隆股份,002556
2977,洽洽食品,002557
2978,巨人网络,002558
2979,亚威股份,002559
2980,通达股份,002560
2981,徐家汇,002561
2982,兄弟科技,002562
2983,森马服饰,002563
2984,天沃科技,002564
2985,顺灏股份,002565
2986,益盛药业,002566
2987,唐人神,002567
2988,百润股份,002568
2989,步森股份,002569
2990,*ST因美,002570
2991,德力股份,002571
2992,索菲亚,002572
2993,清新环境,002573
2994,明牌珠宝,002574
2995,群兴玩具,002575
2996,通达动力,002576
2997,雷柏科技,002577
2998,闽发铝业,002578
2999,中京电子,002579
3000,圣阳股份,002580
3001,未名医药,002581
3002,好想你,002582
3003,海能达,002583
3004,西陇科学,002584
3005,双星新材,002585
3006,围海股份,002586
3007,奥拓电子,002587
3008,史丹利,002588
3009,瑞康医药,002589
3010,万安科技,002590
3011,恒大高新,002591
3012,八菱科技,002592
3013,日上集团,002593
3014,比亚迪,002594
3015,豪迈科技,002595
3016,海南瑞泽,002596
3017,金禾实业,002597
3018,山东章鼓,002598
3019,盛通股份,002599
3020,领益智造,002600
3021,龙蟒佰利,002601
3022,世纪华通,002602
3023,以岭药业,002603
3024,*ST龙力,002604
3025,姚记扑克,002605
3026,大连电瓷,002606
3027,亚夏汽车,002607
3028,江苏国信,002608
3029,捷顺科技,002609
3030,爱康科技,002610
3031,东方精工,002611
3032,朗姿股份,002612
3033,北玻股份,002613
3034,奥佳华,002614
3035,哈尔斯,002615
3036,长青集团,002616
3037,露笑科技,002617
3038,丹邦科技,002618
3039,艾格拉斯,002619
3040,瑞和股份,002620
3041,三垒股份,002621
3042,融钰集团,002622
3043,亚玛顿,002623
3044,完美世界,002624
3045,光启技术,002625
3046,金达威,002626
3047,宜昌交运,002627
3048,成都路桥,002628
3049,仁智股份,002629
3050,华西能源,002630
3051,德尔未来,002631
3052,道明光学,002632
3053,申科股份,002633
3054,棒杰股份,002634
3055,安洁科技,002635
3056,金安国纪,002636
3057,赞宇科技,002637
3058,勤上股份,002638
3059,雪人股份,002639
3060,跨境通,002640
3061,永高股份,002641
3062,荣之联,002642
3063,万润股份,002643
3064,佛慈制药,002644
3065,华宏科技,002645
3066,青青稞酒,002646
3067,仁东控股,002647
3068,卫星石化,002648
3069,博彦科技,002649
3070,加加食品,002650
3071,利君股份,002651
3072,扬子新材,002652
3073,海思科,002653
3074,万润科技,002654
3075,共达电声,002655
3076,摩登大道,002656
3077,中科金财,002657
3078,雪迪龙,002658
3079,凯文教育,002659
3080,茂硕电源,002660
3081,克明面业,002661
3082,京威股份,002662
3083,普邦股份,002663
3084,长鹰信质,002664
3085,首航节能,002665
3086,德联集团,002666
3087,鞍重股份,002667
3088,奥马电器,002668
3089,康达新材,002669
3090,国盛金控,002670
3091,龙泉股份,002671
3092,东江环保,002672
3093,西部证券,002673
3094,兴业科技,002674
3095,东诚药业,002675
3096,顺威股份,002676
3097,浙江美大,002677
3098,珠江钢琴,002678
3099,福建金森,002679
3100,*ST长生,002680
3101,奋达科技,002681
3102,龙洲股份,002682
3103,宏大爆破,002683
3104,猛狮科技,002684
3105,华东重机,002685
3106,亿利达,002686
3107,乔治白,002687
3108,金河生物,002688
3109,远大智能,002689
3110,美亚光电,002690
3111,冀凯股份,002691
3112,远程股份,002692
3113,双成药业,002693
3114,顾地科技,002694
3115,煌上煌,002695
3116,百洋股份,002696
3117,红旗连锁,002697
3118,博实股份,002698
3119,美盛文化,002699
3120,新疆浩源,002700
3121,奥瑞金,002701
3122,海欣食品,002702
3123,浙江世宝,002703
3124,新宝股份,002705
3125,良信电器,002706
3126,众信旅游,002707
3127,光洋股份,002708
3128,天赐材料,002709
3129,慈铭体检,002710
3130,欧浦智网,002711
3131,思美传媒,002712
3132,东易日盛,002713
3133,牧原股份,002714
3134,登云股份,002715
3135,金贵银业,002716
3136,岭南股份,002717
3137,友邦吊顶,002718
3138,麦趣尔,002719
3139,宏良股份,002720
3140,金一文化,002721
3141,金轮股份,002722
3142,金莱特,002723
3143,海洋王,002724
3144,跃岭股份,002725
3145,龙大肉食,002726
3146,一心堂,002727
3147,特一药业,002728
3148,好利来,002729
3149,电光科技,002730
3150,萃华珠宝,002731
3151,燕塘乳业,002732
3152,雄韬股份,002733
3153,利民股份,002734
3154,王子新材,002735
3155,国信证券,002736
3156,葵花药业,002737
3157,中矿资源,002738
3158,万达电影,002739
3159,爱迪尔,002740
3160,光华科技,002741
3161,三圣股份,002742
3162,富煌钢构,002743
3163,木林森,002745
3164,仙坛股份,002746
3165,埃斯顿,002747
3166,世龙实业,002748
3167,国光股份,002749
3168,龙津药业,002750
3169,易尚展示,002751
3170,昇兴股份,002752
3171,永东股份,002753
3172,东方新星,002755
3173,永兴特钢,002756
3174,南兴装备,002757
3175,华通医药,002758
3176,天际股份,002759
3177,凤形股份,002760
3178,多喜爱,002761
3179,金发拉比,002762
3180,汇洁股份,002763
3181,蓝黛传动,002765
3182,索菱股份,002766
3183,先锋电子,002767
3184,国恩股份,002768
3185,普路通,002769
3186,科迪乳业,002770
3187,真视通,002771
3188,众兴菌业,002772
3189,康弘药业,002773
3190,快意电梯,002774
3191,文科园林,002775
3192,柏堡龙,002776
3193,久远银海,002777
3194,高科石化,002778
3195,中坚科技,002779
3196,三夫户外,002780
3197,奇信股份,002781
3198,可立克,002782
3199,凯龙股份,002783
3200,万里石,002785
3201,银宝山新,002786
3202,华源控股,002787
3203,鹭燕医药,002788
3204,建艺集团,002789
3205,瑞尔特,002790
3206,坚朗五金,002791
3207,通宇通讯,002792
3208,东音股份,002793
3209,永和智控,002795
3210,世嘉科技,002796
3211,第一创业,002797
3212,帝欧家居,002798
3213,环球印务,002799
3214,天顺股份,002800
3215,微光股份,002801
3216,洪汇新材,002802
3217,吉宏股份,002803
3218,丰元股份,002805
3219,华锋股份,002806
3220,江阴银行,002807
3221,恒久科技,002808
3222,红墙股份,002809
3223,山东赫达,002810
3224,亚泰国际,002811
3225,恩捷股份,002812
3226,路畅科技,002813
3227,崇达技术,002815
3228,和科达,002816
3229,黄山胶囊,002817
3230,富森美,002818
3231,东方中科,002819
3232,桂发祥,002820
3233,凯莱英,002821
3234,中装建设,002822
3235,凯中精密,002823
3236,和胜股份,002824
3237,纳尔股份,002825
3238,易明医药,002826
3239,高争民爆,002827
3240,贝肯能源,002828
3241,星网宇达,002829
3242,名雕股份,002830
3243,裕同科技,002831
3244,比音勒芬,002832
3245,弘亚数控,002833
3246,同为股份,002835
3247,新宏泽,002836
3248,英维克,002837
3249,道恩股份,002838
3250,张家港行,002839
3251,华统股份,002840
3252,视源股份,002841
3253,翔鹭钨业,002842
3254,泰嘉股份,002843
3255,同兴达,002845
3256,英联股份,002846
3257,盐津铺子,002847
3258,高斯贝尔,002848
3259,威星智能,002849
3260,科达利,002850
3261,麦格米特,002851
3262,道道全,002852
3263,皮阿诺,002853
3264,捷荣技术,002855
3265,美芝股份,002856
3266,三晖电气,002857
3267,力盛赛车,002858
3268,洁美科技,002859
3269,星帅尔,002860
3270,瀛通通讯,002861
3271,实丰文化,002862
3272,今飞凯达,002863
3273,盘龙药业,002864
3274,钧达股份,002865
3275,传艺科技,002866
3276,周大生,002867
3277,绿康生化,002868
3278,金溢科技,002869
3279,香山股份,002870
3280,伟隆股份,002871
3281,天圣制药,002872
3282,新天药业,002873
3283,安奈儿,002875
3284,三利谱,002876
3285,智能自控,002877
3286,元隆雅图,002878
3287,长缆科技,002879
3288,卫光生物,002880
3289,美格智能,002881
3290,金龙羽,002882
3291,中设股份,002883
3292,凌霄泵业,002884
3293,京泉华,002885
3294,沃特股份,002886
3295,绿茵生态,002887
3296,惠威科技,002888
3297,东方嘉盛,002889
3298,弘宇股份,002890
3299,中宠股份,002891
3300,科力尔,002892
3301,华通热力,002893
3302,川恒股份,002895
3303,中大力德,002896
3304,意华股份,002897
3305,赛隆药业,002898
3306,英派斯,002899
3307,哈三联,002900
3308,大博医疗,002901
3309,铭普光磁,002902
3310,宇环数控,002903
3311,金逸影视,002905
3312,华阳集团,002906
3313,华森制药,002907
3314,德生科技,002908
3315,集泰股份,002909
3316,庄园牧场,002910
3317,佛燃股份,002911
3318,中新赛克,002912
3319,奥士康,002913
3320,中欣氟材,002915
3321,深南电路,002916
3322,金奥博,002917
3323,蒙娜丽莎,002918
3324,名臣健康,002919
3325,德赛西威,002920
3326,联诚精密,002921
3327,伊戈尔,002922
3328,润都股份,002923
3329,盈趣科技,002925
3330,华西证券,002926
3331,泰永长征,002927
3332,华夏航空,002928
3333,润建通信,002929
3334,宏川智慧,002930
3335,锋龙股份,002931
3336,明德生物,002932
3337,新兴装备,002933
3338,天奥电子,002935
3339,郑州银行,002936
3340,兴瑞科技,002937
3341,鹏鼎控股,002938
3342,长城证券,002939
3343,昂利康,002940
3344,新疆交建,002941
3345,新农股份,002942
3346,宇晶股份,002943
3347,华林证券,002945
3348,新乳业,002946
3349,恒铭达,002947
3350,青岛银行,002948
3351,国安GAC1,031005
3352,阿胶EJC1,031007
3353,攀钢AGP1,038011
3354,钾肥JFP1,038014
3355,盐湖YHP1,038015
3356,集琦JQP1,038016
3357,深发SFP1,038017
3358,R-003,131800
3359,R-007,131801
3360,R-014,131802
3361,R-028,131803
3362,R-091,131805
3363,R-182,131806
3364,R-004,131809
3365,R-001,131810
3366,R-002,131811
3367,RC-003,131900
3368,RC-007,131901
3369,RC-001,131910
3370,RC-002,131911
3371,瑞福进取,150001
3372,大成优选,150002
3373,建信优势,150003
3374,同庆A,150006
3375,同庆B,150007
3376,瑞和小康,150008
3377,瑞和远见,150009
3378,估值优先,150010
3379,估值进取,150011
3380,中证100A,150012
3381,中证100B,150013
3382,合润A,150016
3383,合润B,150017
3384,银华稳进,150018
3385,银华锐进,150019
3386,汇利A,150020
3387,汇利B,150021
3388,深成指A,150022
3389,深成指B,150023
3390,景丰A,150025
3391,景丰B,150026
3392,添利B,150027
3393,中证500A,150028
3394,中证500B,150029
3395,中证90A,150030
3396,中证90B,150031
3397,多利优先,150032
3398,多利进取,150033
3399,聚利A,150034
3400,聚利B,150035
3401,建信稳健,150036
3402,建信进取,150037
3403,万家利B,150038
3404,鼎利A,150039
3405,鼎利B,150040
3406,天盈B,150041
3407,利鑫B,150042
3408,裕祥B,150043
3409,增利A,150044
3410,增利B,150045
3411,丰利B,150046
3412,消费A,150047
3413,消费B,150048
3414,消费收益,150049
3415,消费进取,150050
3416,沪深300A,150051
3417,沪深300B,150052
3418,泰达500A,150053
3419,泰达500B,150054
3420,500A,150055
3421,500B,150056
3422,中小300A,150057
3423,中小300B,150058
3424,资源A级,150059
3425,资源B级,150060
3426,丰泽B,150061
3427,浦银增A,150062
3428,浦银增B,150063
3429,同瑞A,150064
3430,同瑞B,150065
3431,互利A,150066
3432,互利B,150067
3433,双翼B,150068
3434,双力A,150069
3435,双力B,150070
3436,盛世A,150071
3437,盛世B,150072
3438,诺安稳健,150073
3439,诺安进取,150075
3440,浙商稳健,150076
3441,浙商进取,150077
3442,回报B,150078
3443,通利债B,150079
3444,双佳B,150080
3445,双盈B,150081
3446,信达利B,150082
3447,深证100A,150083
3448,深证100B,150084
3449,中小板A,150085
3450,中小板B,150086
3451,信用B,150087
3452,金鹰500A,150088
3453,金鹰500B,150089
3454,成长A,150090
3455,成长B,150091
3456,诺德300A,150092
3457,诺德300B,150093
3458,泰信400A,150094
3459,泰信400B,150095
3460,商品A,150096
3461,商品B,150097
3462,同庆800A,150098
3463,同庆800B,150099
3464,资源A,150100
3465,资源B,150101
3466,利众B,150102
3467,HS300A,150104
3468,HS300B,150105
3469,中小A,150106
3470,中小B,150107
3471,同辉100A,150108
3472,同辉100B,150109
3473,华商500A,150110
3474,华商500B,150111
3475,深100A,150112
3476,深100B,150113
3477,惠裕B,150114
3478,同丰B,150115
3479,房地产A,150117
3480,房地产B,150118
3481,鼎利进取,150120
3482,银河优先,150121
3483,银河进取,150122
3484,建信50A,150123
3485,建信50B,150124
3486,双增B,150127
3487,工银增B,150128
3488,丰利债B,150129
3489,医药A,150130
3490,医药B,150131
3491,元盛B,150132
3492,德信A,150133
3493,德信B,150134
3494,国富100A,150135
3495,国富100B,150136
3496,宝利B,150137
3497,中证800A,150138
3498,中证800B,150139
3499,国金300A,150140
3500,国金300B,150141
3501,互利债B,150142
3502,转债A级,150143
3503,转债B级,150144
3504,高贝塔A,150145
3505,高贝塔B,150146
3506,同利B,150147
3507,医药800A,150148
3508,医药800B,150149
3509,有色800A,150150
3510,有色800B,150151
3511,创业板A,150152
3512,创业板B,150153
3513,惠丰B,150154
3514,中银互B,150156
3515,金融A,150157
3516,金融B,150158
3517,通福B,150160
3518,惠鑫B,150161
3519,可转债A,150164
3520,可转债B,150165
3521,银华300A,150167
3522,银华300B,150168
3523,恒生A,150169
3524,恒生B,150170
3525,证券A,150171
3526,证券B,150172
3527,TMT中证A,150173
3528,TMT中ZB,150174
3529,恒中企A,150175
3530,恒中企B,150176
3531,证保A,150177
3532,证保B,150178
3533,信息A,150179
3534,信息B,150180
3535,军工A,150181
3536,军工B,150182
3537,环保A,150184
3538,环保B,150185
3539,军工A级,150186
3540,军工B级,150187
3541,转债优先,150188
3542,转债进取,150189
3543,NCF环保A,150190
3544,NCF环保B,150191
3545,地产A,150192
3546,地产B,150193
3547,互联网A,150194
3548,互联网B,150195
3549,有色A,150196
3550,有色B,150197
3551,食品A,150198
3552,食品B,150199
3553,券商A,150200
3554,券商B,150201
3555,传媒A,150203
3556,传媒B,150204
3557,国防A,150205
3558,国防B,150206
3559,地产A端,150207
3560,地产B端,150208
3561,国企改A,150209
3562,国企改B,150210
3563,新能车A,150211
3564,新能车B,150212
3565,成长A级,150213
3566,成长B级,150214
3567,TMTA,150215
3568,TMTB,150216
3569,新能源A,150217
3570,新能源B,150218
3571,健康A,150219
3572,健康B,150220
3573,中航军A,150221
3574,中航军B,150222
3575,证券A级,150223
3576,证券B级,150224
3577,证保A级,150225
3578,证保B级,150226
3579,银行A,150227
3580,银行B,150228
3581,酒A,150229
3582,酒B,150230
3583,电子A,150231
3584,电子B,150232
3585,传媒业A,150233
3586,传媒业B,150234
3587,券商A级,150235
3588,券商B级,150236
3589,环保A级,150237
3590,环保B级,150238
3591,银行A级,150241
3592,银行B级,150242
3593,创业A,150243
3594,创业B,150244
3595,互联A,150245
3596,互联B,150246
3597,传媒A级,150247
3598,传媒B级,150248
3599,银行A端,150249
3600,银行B端,150250
3601,煤炭A,150251
3602,煤炭B,150252
3603,银行业A,150255
3604,银行业B,150256
3605,生物A,150257
3606,生物B,150258
3607,重组A,150259
3608,重组B,150260
3609,医疗A,150261
3610,医疗B,150262
3611,1000A,150263
3612,1000B,150264
3613,一带A,150265
3614,一带B,150266
3615,银行A类,150267
3616,银行B类,150268
3617,白酒A,150269
3618,白酒B,150270
3619,生物药A,150271
3620,生物药B,150272
3621,带路A,150273
3622,带路B,150274
3623,一带一A,150275
3624,一带一B,150276
3625,高铁A,150277
3626,高铁B,150278
3627,新能A,150279
3628,新能B,150280
3629,金融地A,150281
3630,金融地B,150282
3631,SW医药A,150283
3632,SW医药B,150284
3633,钢铁A,150287
3634,钢铁B,150288
3635,煤炭A级,150289
3636,煤炭B级,150290
3637,银行A份,150291
3638,银行B份,150292
3639,高铁A级,150293
3640,高铁B级,150294
3641,改革A,150295
3642,改革B,150296
3643,互联A级,150297
3644,互联B级,150298
3645,银行股A,150299
3646,银行股B,150300
3647,证券股A,150301
3648,证券股B,150302
3649,创业股A,150303
3650,创业股B,150304
3651,养老A,150305
3652,养老B,150306
3653,体育A,150307
3654,体育B,150308
3655,信息安A,150309
3656,信息安B,150310
3657,智能A,150311
3658,智能B,150312
3659,工业4A,150315
3660,工业4B,150316
3661,E金融A,150317
3662,E金融B,150318
3663,煤炭A基,150321
3664,煤炭B基,150322
3665,环保A端,150323
3666,环保B端,150324
3667,高铁A端,150325
3668,高铁B端,150326
3669,新能A级,150327
3670,新能B级,150328
3671,保险A,150329
3672,保险B,150330
3673,网金融A,150331
3674,网金融B,150332
3675,军工股A,150335
3676,军工股B,150336
3677,证券A基,150343
3678,证券B基,150344
3679,保证金,159001
3680,招商快线,159003
3681,添富快钱,159005
3682,深100ETF,159901
3683,中小板,159902
3684,深成ETF,159903
3685,深红利,159905
3686,深成长,159906
3687,中小300,159907
3688,博时创业,159908
3689,深TMT,159909
3690,深F120,159910
3691,民营ETF,159911
3692,深300ETF,159912
3693,深价值,159913
3694,创业板,159915
3695,深F60,159916
3696,中小成长,159917
3697,中创400,159918
3698,300ETF,159919
3699,恒生ETF,159920
3700,中小等权,159921
3701,500ETF,159922
3702,100ETF,159923
3703,300等权,159924
3704,南方300,159925
3705,国债ETF,159926
3706,A300ETF,159927
3707,消费ETF,159928
3708,医药ETF,159929
3709,能源ETF,159930
3710,金融ETF,159931
3711,500深ETF,159932
3712,金地ETF,159933
3713,黄金ETF,159934
3714,景顺500,159935
3715,可选消费,159936
3716,博时黄金,159937
3717,广发医药,159938
3718,信息技术,159939
3719,全指金融,159940
3720,纳指ETF,159941
3721,中创100,159942
3722,深证ETF,159943
3723,全指材料,159944
3724,全指能源,159945
3725,全指消费,159946
3726,创业板EF,159948
3727,创业板50,159949
3728,深成指EF,159950
3729,中关村A,159951
3730,创业ETF,159952
3731,工业ETF,159953
3732,H股ETF,159954
3733,创业板E,159955
3734,创业板F,159956
3735,创业板HX,159957
3736,创业板ET,159958
3737,银华央企,159959
3738,恒生国企,159960
3739,深100,159961
3740,南方积配,160105
3741,南方高增,160106
3742,南方500,160119
3743,南方50债,160123
3744,南方香港,160125
3745,南方金利,160128
3746,南方永利,160130
3747,南方聚利,160131
3748,南方天元,160133
3749,国企精明,160138
3750,美国REIT,160140
3751,国泰小盘,160211
3752,国泰估值,160212
3753,国泰价值,160215
3754,国泰商品,160216
3755,国泰民益,160220
3756,创业板基,160223
3757,新汽车,160225
3758,华夏蓝筹,160311
3759,华夏行业,160314
3760,港股精选,160322
3761,华夏磐泰,160323
3762,华夏磐晟,160324
3763,华安量化,160415
3764,石油基金,160416
3765,华安智增,160421
3766,定增事件,160422
3767,博时主题,160505
3768,博时卓越,160512
3769,稳健债A,160513
3770,安丰18,160515
3771,博时睿远,160518
3772,博时睿利,160519
3773,弘盈A,160520
3774,博时睿益,160522
3775,鹏华价值,160607
3776,鹏华动力,160610
3777,鹏华治理,160611
3778,鹏华创新,160613
3779,鹏华300,160615
3780,鹏华500,160616
3781,鹏华丰润,160617
3782,鹏华丰泽,160618
3783,鹏华丰和,160621
3784,鹏华丰利,160622
3785,医药基金,160635
3786,鹏华增瑞,160642
3787,空天一体,160643
3788,互联网QD,160644
3789,嘉实300,160706
3790,嘉实50,160716
3791,恒生H股,160717
3792,嘉实黄金,160719
3793,中期企债,160720
3794,嘉实惠泽,160722
3795,嘉实原油,160723
3796,长盛同智,160805
3797,长盛同庆,160806
3798,长盛300,160807
3799,长盛同辉,160809
3800,长盛同丰,160810
3801,长盛同益,160812
3802,长盛同盛,160813
3803,大成创新,160910
3804,大成景丰,160915
3805,优选LOF,160916
3806,大成小盘,160918
3807,大成产业,160919
3808,多策略,160921
3809,恒生中小,160922
3810,恒指LOF,160924
3811,富国天惠,161005
3812,富国天丰,161010
3813,富国汇利,161014
3814,富国天盈,161015
3815,富国500,161017
3816,富国天锋,161019
3817,智能汽车,161033
3818,医药增强,161035
3819,娱乐增强,161036
3820,高端制造,161037
3821,成长量化,161038
3822,富国1000,161039
3823,易基岁丰,161115
3824,易基黄金,161116
3825,易基永旭,161117
3826,易基综债,161119
3827,香港小盘,161124
3828,标普500,161125
3829,标普医药,161126
3830,标普生物,161127
3831,标普科技,161128
3832,原油基金,161129
3833,纳指LOF,161130
3834,易基科顺,161132
3835,国投新兴,161210
3836,国投金融,161211
3837,国投消费,161213
3838,双债A,161216
3839,国投资源,161217
3840,国投产业,161219
3841,国投瑞利,161222
3842,国投丝路,161224
3843,国投瑞盈,161225
3844,白银基金,161226
3845,深证100,161227
3846,国投中国,161229
3847,丰利A类,161230
3848,国投瑞盛,161232
3849,国投瑞泰,161233
3850,银河通利,161505
3851,融通巨潮,161607
3852,融通领先,161610
3853,融通添利,161614
3854,融通通福,161626
3855,融通农业,161630
3856,人工智能,161631
3857,招商成长,161706
3858,招商信用,161713
3859,招商金砖,161714
3860,大宗商品,161715
3861,招商双债,161716
3862,招商丰泰,161722
3863,招商增荣,161727
3864,银华内需,161810
3865,银华300,161811
3866,银华信用,161813
3867,银华通胀,161815
3868,银华纯债,161820
3869,银华50A,161821
3870,银华永兴,161823
3871,恒生中企,161831
3872,银华鑫锐,161834
3873,银华惠丰,161835
3874,万家优选,161903
3875,万家红利,161907
3876,万家添利,161908
3877,万家强债,161911
3878,长城久富,162006
3879,持久增利,162105
3880,元盛债券,162108
3881,泰达效率,162207
3882,泰达聚利,162215
3883,海富100,162307
3884,海富增利,162308
3885,华宝油气,162411
3886,新机遇,162414
3887,美国消费,162415
3888,香港本地,162416
3889,国安双力,162510
3890,景顺鼎益,162605
3891,景顺资源,162607
3892,广发小盘,162703
3893,广发500L,162711
3894,广发聚利,162712
3895,广发聚源,162715
3896,再融资,162717
3897,广发鑫瑞,162718
3898,广发石油,162719
3899,长信医疗,163001
3900,长信利鑫,163003
3901,长信利众,163005
3902,申万量化,163110
3903,申万中小,163111
3904,申万债券,163112
3905,申万健康,163119
3906,诺安油气,163208
3907,诺安纯债,163210
3908,大摩资源,163302
3909,兴全趋势,163402
3910,兴全300,163407
3911,兴全绿色,163409
3912,兴全轻资,163412
3913,兴全模式,163415
3914,兴全合宜,163417
3915,天治核心,163503
3916,中银中国,163801
3917,中银信用,163819
3918,中银300E,163821
3919,中银盛利,163824
3920,中银产债,163827
3921,中海惠裕,163907
3922,华富强债,164105
3923,天弘深成,164205
3924,天弘添利,164206
3925,天弘丰利,164208
3926,天弘同利,164210
3927,新华惠鑫,164302
3928,农业精选,164403
3929,国富恒利,164509
3930,信用增利,164606
3931,添富贵金,164701
3932,添富季红,164702
3933,添富纯债,164703
3934,添富恒生,164705
3935,工银四季,164808
3936,工银纯债,164810
3937,政府债基,164812
3938,工银双债,164814
3939,原油LOF,164815
3940,深成LOF,164823
3941,印度基金,164824
3942,交银添利,164902
3943,中国互联,164906
3944,建信300,165309
3945,建信信用,165311
3946,建信优势,165313
3947,建信丰裕,165317
3948,信诚深度,165508
3949,信诚增强,165509
3950,信诚四国,165510
3951,信诚机遇,165512
3952,信诚商品,165513
3953,信诚周期,165516
3954,信诚双盈,165517
3955,基建工程,165525
3956,信诚鼎利,165528
3957,诺德双翼,165705
3958,东吴100,165806
3959,东吴鼎利,165807
3960,中欧趋势,166001
3961,中欧成长,166006
3962,中欧互通,166007
3963,中欧强债,166008
3964,中欧动力,166009
3965,中欧盛世,166011
3966,中欧信用,166012
3967,中欧纯债,166016
3968,中欧瑞丰,166023
3969,中欧恒利,166024
3970,信达鑫安,166105
3971,增利C,166401
3972,沪港深F,166402
3973,民生增利,166902
3974,民生添利,166904
3975,平安鼎泰,167001
3976,平安鼎越,167002
3977,平安鼎弘,167003
3978,安信宝利,167501
3979,华宸300,167901
3980,国寿精选,168002
3981,九泰锐智,168101
3982,九泰锐富,168102
3983,九泰锐益,168103
3984,九泰锐丰,168104
3985,九泰泰富,168105
3986,盈华A,168106
3987,九泰锐诚,168108
3988,东海祥龙,168301
3989,红土精选,168401
3990,东证睿丰,169101
3991,东证睿阳,169102
3992,东证睿轩,169103
3993,东证睿满,169104
3994,东证睿华,169105
3995,东证创优,169106
3996,浙商鼎盈,169201
3997,基金开元,184688
3998,基金普惠,184689
3999,基金同益,184690
4000,基金景宏,184691
4001,基金裕隆,184692
4002,基金普丰,184693
4003,基金景博,184695
4004,基金裕华,184696
4005,基金天元,184698
4006,基金同盛,184699
4007,基金鸿飞,184700
4008,基金景福,184701
4009,基金同智,184702
4010,基金金盛,184703
4011,基金裕泽,184705
4012,基金天华,184706
4013,基金兴科,184708
4014,基金安久,184709
4015,基金隆元,184710
4016,基金普华,184711
4017,基金科汇,184712
4018,基金科翔,184713
4019,基金兴安,184718
4020,基金融鑫,184719
4021,基金久富,184720
4022,基金丰和,184721
4023,基金久嘉,184722
4024,基金鸿阳,184728
4025,基金通宝,184738
4026,鹏华前海,184801
4027,万科B,200002
4028,PT金田B,200003
4029,深物业B,200011
4030,南玻B,200012
4031,*ST石化B,200013
4032,PT中浩B,200015
4033,深康佳B,200016
4034,深中华B,200017
4035,神州B,200018
4036,深深宝B,200019
4037,深华发B,200020
4038,深赤湾B,200022
4039,招商局B,200024
4040,特力B,200025
4041,飞亚达B,200026
4042,一致B,200028
4043,深深房B,200029
4044,富奥B,200030
4045,深南电B,200037
4046,中集B,200039
4047,*ST本实B,200041
4048,深纺织B,200045
4049,深基地B,200053
4050,建车B,200054
4051,方大B,200055
4052,皇庭B,200056
4053,*ST大洋B,200057
4054,深赛格B,200058
4055,山航B,200152
4056,东沣B,200160
4057,舜喆B,200168
4058,东旭B,200413
4059,小天鹅B,200418
4060,粤高速B,200429
4061,宁通信B,200468
4062,晨鸣B,200488
4063,京粮B,200505
4064,闽灿坤B,200512
4065,丽珠B,200513
4066,虹美菱B,200521
4067,大冷B,200530
4068,粤电力B,200539
4069,粤照明B,200541
4070,江铃B,200550
4071,安道麦B,200553
4072,苏常柴B,200570
4073,苏威孚B,200581
4074,古井贡B,200596
4075,大东海B,200613
4076,长安B,200625
4077,瓦轴B,200706
4078,京东方B,200725
4079,鲁泰B,200726
4080,本钢板B,200761
4081,武锅B退,200770
4082,杭汽轮B,200771
4083,张裕B,200869
4084,粤华包B,200986
4085,中鲁B,200992
4086,招港B,201872
4087,特锐德,300001
4088,神州泰岳,300002
4089,乐普医疗,300003
4090,南风股份,300004
4091,探路者,300005
4092,莱美药业,300006
4093,汉威科技,300007
4094,天海防务,300008
4095,安科生物,300009
4096,立思辰,300010
4097,鼎汉技术,300011
4098,华测检测,300012
4099,新宁物流,300013
4100,亿纬锂能,300014
4101,爱尔眼科,300015
4102,北陆药业,300016
4103,网宿科技,300017
4104,中元股份,300018
4105,硅宝科技,300019
4106,银江股份,300020
4107,大禹节水,300021
4108,吉峰科技,300022
4109,宝德股份,300023
4110,机器人,300024
4111,华星创业,300025
4112,红日药业,300026
4113,华谊兄弟,300027
4114,金亚科技,300028
4115,天龙光电,300029
4116,阳普医疗,300030
4117,宝通科技,300031
4118,金龙机电,300032
4119,同花顺,300033
4120,钢研高纳,300034
4121,中科电气,300035
4122,超图软件,300036
4123,新宙邦,300037
4124,数知科技,300038
4125,上海凯宝,300039
4126,九洲电气,300040
4127,回天新材,300041
4128,朗科科技,300042
4129,星辉娱乐,300043
4130,赛为智能,300044
4131,华力创通,300045
4132,台基股份,300046
4133,天源迪科,300047
4134,合康新能,300048
4135,福瑞股份,300049
4136,世纪鼎利,300050
4137,三五互联,300051
4138,中青宝,300052
4139,欧比特,300053
4140,鼎龙股份,300054
4141,万邦达,300055
4142,三维丝,300056
4143,万顺股份,300057
4144,蓝色光标,300058
4145,东方财富,300059
4146,康旗股份,300061
4147,中能电气,300062
4148,天龙集团,300063
4149,豫金刚石,300064
4150,海兰信,300065
4151,三川智慧,300066
4152,安诺其,300067
4153,南都电源,300068
4154,金利华电,300069
4155,碧水源,300070
4156,华谊嘉信,300071
4157,三聚环保,300072
4158,当升科技,300073
4159,华平股份,300074
4160,数字政通,300075
4161,GQY视讯,300076
4162,国民技术,300077
4163,思创医惠,300078
4164,数码科技,300079
4165,易成新能,300080
4166,恒信东方,300081
4167,奥克股份,300082
4168,劲胜智能,300083
4169,海默科技,300084
4170,银之杰,300085
4171,康芝药业,300086
4172,荃银高科,300087
4173,长信科技,300088
4174,文化长城,300089
4175,盛运环保,300090
4176,金通灵,300091
4177,科新机电,300092
4178,金刚玻璃,300093
4179,国联水产,300094
4180,华伍股份,300095
4181,易联众,300096
4182,智云股份,300097
4183,高新兴,300098
4184,精准信息,300099
4185,双林股份,300100
4186,振芯科技,300101
4187,乾照光电,300102
4188,达刚路机,300103
4189,乐视网,300104
4190,龙源技术,300105
4191,西部牧业,300106
4192,建新股份,300107
4193,吉药控股,300108
4194,新开源,300109
4195,华仁药业,300110
4196,向日葵,300111
4197,万讯自控,300112
4198,顺网科技,300113
4199,中航电测,300114
4200,长盈精密,300115
4201,坚瑞沃能,300116
4202,嘉寓股份,300117
4203,东方日升,300118
4204,瑞普生物,300119
4205,经纬辉开,300120
4206,阳谷华泰,300121
4207,智飞生物,300122
4208,亚光科技,300123
4209,汇川技术,300124
4210,易世达,300125
4211,锐奇股份,300126
4212,银河磁体,300127
4213,锦富技术,300128
4214,泰胜风能,300129
4215,新国都,300130
4216,英唐智控,300131
4217,青松股份,300132
4218,华策影视,300133
4219,大富科技,300134
4220,宝利国际,300135
4221,信维通信,300136
4222,先河环保,300137
4223,晨光生物,300138
4224,晓程科技,300139
4225,中环装备,300140
4226,和顺电气,300141
4227,沃森生物,300142
4228,星普医科,300143
4229,宋城演艺,300144
4230,中金环境,300145
4231,汤臣倍健,300146
4232,香雪制药,300147
4233,天舟文化,300148
4234,量子生物,300149
4235,世纪瑞尔,300150
4236,昌红科技,300151
4237,科融环境,300152
4238,科泰电源,300153
4239,瑞凌股份,300154
4240,安居宝,300155
4241,神雾环保,300156
4242,恒泰艾普,300157
4243,振东制药,300158
4244,新研股份,300159
4245,秀强股份,300160
4246,华中数控,300161
4247,雷曼股份,300162
4248,先锋新材,300163
4249,通源石油,300164
4250,天瑞仪器,300165
4251,东方国信,300166
4252,迪威迅,300167
4253,万达信息,300168
4254,天晟新材,300169
4255,汉得信息,300170
4256,东富龙,300171
4257,中电环保,300172
4258,智慧松德,300173
4259,元力股份,300174
4260,朗源股份,300175
4261,鸿特科技,300176
4262,中海达,300177
4263,腾邦国际,300178
4264,四方达,300179
4265,华峰超纤,300180
4266,佐力药业,300181
4267,捷成股份,300182
4268,东软载波,300183
4269,力源信息,300184
4270,通裕重工,300185
4271,大华农,300186
4272,永清环保,300187
4273,美亚柏科,300188
4274,神农基因,300189
4275,维尔利,300190
4276,潜能恒信,300191
4277,科斯伍德,300192
4278,佳士科技,300193
4279,福安药业,300194
4280,长荣股份,300195
4281,长海股份,300196
4282,铁汉生态,300197
4283,纳川股份,300198
4284,翰宇药业,300199
4285,高盟新材,300200
4286,海伦哲,300201
4287,聚龙股份,300202
4288,聚光科技,300203
4289,舒泰神,300204
4290,天喻信息,300205
4291,理邦仪器,300206
4292,欣旺达,300207
4293,恒顺众昇,300208
4294,天泽信息,300209
4295,森远股份,300210
4296,亿通科技,300211
4297,易华录,300212
4298,佳讯飞鸿,300213
4299,日科化学,300214
4300,电科院,300215
4301,千山药机,300216
4302,东方电热,300217
4303,安利股份,300218
4304,鸿利智汇,300219
4305,金运激光,300220
4306,银禧科技,300221
4307,科大智能,300222
4308,北京君正,300223
4309,正海磁材,300224
4310,金力泰,300225
4311,上海钢联,300226
4312,光韵达,300227
4313,富瑞特装,300228
4314,拓尔思,300229
4315,永利股份,300230
4316,银信科技,300231
4317,洲明科技,300232
4318,金城医药,300233
4319,开尔新材,300234
4320,方直科技,300235
4321,上海新阳,300236
4322,美晨生态,300237
4323,冠昊生物,300238
4324,东宝生物,300239
4325,飞力达,300240
4326,瑞丰光电,300241
4327,佳云科技,300242
4328,瑞丰高材,300243
4329,迪安诊断,300244
4330,天玑科技,300245
4331,宝莱特,300246
4332,融捷健康,300247
4333,新开普,300248
4334,依米康,300249
4335,初灵信息,300250
4336,光线传媒,300251
4337,金信诺,300252
4338,卫宁健康,300253
4339,仟源医药,300254
4340,常山药业,300255
4341,星星科技,300256
4342,开山股份,300257
4343,精锻科技,300258
4344,新天科技,300259
4345,新莱应材,300260
4346,雅本化学,300261
4347,巴安水务,300262
4348,隆华科技,300263
4349,佳创视讯,300264
4350,通光线缆,300265
4351,兴源环境,300266
4352,尔康制药,300267
4353,佳沃股份,300268
4354,联建光电,300269
4355,中威电子,300270
4356,华宇软件,300271
4357,开能健康,300272
4358,和佳股份,300273
4359,阳光电源,300274
4360,梅安森,300275
4361,三丰智能,300276
4362,海联讯,300277
4363,华昌达,300278
4364,和晶科技,300279
4365,紫天科技,300280
4366,金明精机,300281
4367,三盛教育,300282
4368,温州宏丰,300283
4369,苏交科,300284
4370,国瓷材料,300285
4371,安科瑞,300286
4372,飞利信,300287
4373,朗玛信息,300288
4374,利德曼,300289
4375,荣科科技,300290
4376,华录百纳,300291
4377,吴通控股,300292
4378,蓝英装备,300293
4379,博雅生物,300294
4380,三六五网,300295
4381,利亚德,300296
4382,蓝盾股份,300297
4383,三诺生物,300298
4384,富春股份,300299
4385,汉鼎宇佑,300300
4386,长方集团,300301
4387,同有科技,300302
4388,聚飞光电,300303
4389,云意电气,300304
4390,裕兴股份,300305
4391,远方信息,300306
4392,慈星股份,300307
4393,中际旭创,300308
4394,吉艾科技,300309
4395,宜通世纪,300310
4396,任子行,300311
4397,邦讯技术,300312
4398,天山生物,300313
4399,戴维医疗,300314
4400,掌趣科技,300315
4401,晶盛机电,300316
4402,珈伟新能,300317
4403,博晖创新,300318
4404,麦捷科技,300319
4405,海达股份,300320
4406,同大股份,300321
4407,硕贝德,300322
4408,华灿光电,300323
4409,旋极信息,300324
4410,德威新材,300325
4411,凯利泰,300326
4412,中颖电子,300327
4413,宜安科技,300328
4414,海伦钢琴,300329
4415,华虹计通,300330
4416,苏大维格,300331
4417,天壕环境,300332
4418,兆日科技,300333
4419,津膜科技,300334
4420,迪森股份,300335
4421,新文化,300336
4422,银邦股份,300337
4423,开元股份,300338
4424,润和软件,300339
4425,科恒股份,300340
4426,麦克奥迪,300341
4427,天银机电,300342
4428,联创互联,300343
4429,太空智造,300344
4430,红宇新材,300345
4431,南大光电,300346
4432,泰格医药,300347
4433,长亮科技,300348
4434,金卡智能,300349
4435,华鹏飞,300350
4436,永贵电器,300351
4437,北信源,300352
4438,东土科技,300353
4439,东华测试,300354
4440,蒙草生态,300355
4441,光一科技,300356
4442,我武生物,300357
4443,楚天科技,300358
4444,全通教育,300359
4445,炬华科技,300360
4446,奥赛康,300361
4447,天翔环境,300362
4448,博腾股份,300363
4449,中文在线,300364
4450,恒华科技,300365
4451,创意信息,300366
4452,东方网力,300367
4453,汇金股份,300368
4454,绿盟科技,300369
4455,安控科技,300370
4456,汇中股份,300371
4457,欣泰退,300372
4458,扬杰科技,300373
4459,恒通科技,300374
4460,鹏翎股份,300375
4461,易事特,300376
4462,赢时胜,300377
4463,鼎捷软件,300378
4464,东方通,300379
4465,安硕信息,300380
4466,溢多利,300381
4467,斯莱克,300382
4468,光环新网,300383
4469,三联虹普,300384
4470,雪浪环境,300385
4471,飞天诚信,300386
4472,富邦股份,300387
4473,国祯环保,300388
4474,艾比森,300389
4475,天华超净,300390
4476,康跃科技,300391
4477,腾信股份,300392
4478,中来股份,300393
4479,天孚通信,300394
4480,菲利华,300395
4481,迪瑞医疗,300396
4482,天和防务,300397
4483,飞凯材料,300398
4484,京天利,300399
4485,劲拓股份,300400
4486,花园生物,300401
4487,宝色股份,300402
4488,汉宇集团,300403
4489,博济医药,300404
4490,科隆股份,300405
4491,九强生物,300406
4492,凯发电气,300407
4493,三环集团,300408
4494,道氏技术,300409
4495,正业科技,300410
4496,金盾股份,300411
4497,迦南科技,300412
4498,芒果超媒,300413
4499,中光防雷,300414
4500,伊之密,300415
4501,苏试试验,300416
4502,南华仪器,300417
4503,昆仑万维,300418
4504,浩丰科技,300419
4505,五洋停车,300420
4506,力星股份,300421
4507,博世科,300422
4508,鲁亿通,300423
4509,航新科技,300424
4510,环能科技,300425
4511,唐德影视,300426
4512,红相股份,300427
4513,四通新材,300428
4514,强力新材,300429
4515,诚益通,300430
4516,暴风集团,300431
4517,富临精工,300432
4518,蓝思科技,300433
4519,金石东方,300434
4520,中泰股份,300435
4521,广生堂,300436
4522,清水源,300437
4523,鹏辉能源,300438
4524,美康生物,300439
4525,运达科技,300440
4526,鲍斯股份,300441
4527,普丽盛,300442
4528,金雷风电,300443
4529,双杰电气,300444
4530,康斯特,300445
4531,乐凯新材,300446
4532,全信股份,300447
4533,浩云科技,300448
4534,汉邦高科,300449
4535,先导智能,300450
4536,创业软件,300451
4537,山河药辅,300452
4538,三鑫医疗,300453
4539,深信服,300454
4540,康拓红外,300455
4541,耐威科技,300456
4542,赢合科技,300457
4543,全志科技,300458
4544,金科文化,300459
4545,惠伦晶体,300460
4546,田中精机,300461
4547,华铭智能,300462
4548,迈克生物,300463
4549,星徽精密,300464
4550,高伟达,300465
4551,赛摩电气,300466
4552,迅游科技,300467
4553,四方精创,300468
4554,信息发展,300469
4555,日机密封,300470
4556,厚普股份,300471
4557,新元科技,300472
4558,德尔股份,300473
4559,景嘉微,300474
4560,聚隆科技,300475
4561,胜宏科技,300476
4562,合纵科技,300477
4563,杭州高新,300478
4564,神思电子,300479
4565,光力科技,300480
4566,濮阳惠成,300481
4567,万孚生物,300482
4568,沃施股份,300483
4569,蓝海华腾,300484
4570,赛升药业,300485
4571,东杰智能,300486
4572,蓝晓科技,300487
4573,恒锋工具,300488
4574,中飞股份,300489
4575,华自科技,300490
4576,通合科技,300491
4577,山鼎设计,300492
4578,润欣科技,300493
4579,盛天网络,300494
4580,美尚生态,300495
4581,中科创达,300496
4582,富祥股份,300497
4583,温氏股份,300498
4584,高澜股份,300499
4585,启迪设计,300500
4586,海顺新材,300501
4587,新易盛,300502
4588,昊志机电,300503
4589,天邑股份,300504
4590,川金诺,300505
4591,名家汇,300506
4592,苏奥传感,300507
4593,维宏股份,300508
4594,新美星,300509
4595,金冠股份,300510
4596,雪榕生物,300511
4597,中亚股份,300512
4598,恒泰实达,300513
4599,友讯达,300514
4600,三德科技,300515
4601,久之洋,300516
4602,海波重科,300517
4603,盛讯达,300518
4604,新光药业,300519
4605,科大国创,300520
4606,爱司凯,300521
4607,世名科技,300522
4608,辰安科技,300523
4609,博思软件,300525
4610,中潜股份,300526
4611,中国应急,300527
4612,幸福蓝海,300528
4613,健帆生物,300529
4614,达志科技,300530
4615,优博讯,300531
4616,今天国际,300532
4617,冰川网络,300533
4618,陇神戎发,300534
4619,达威股份,300535
4620,农尚环境,300536
4621,广信材料,300537
4622,同益股份,300538
4623,横河模具,300539
4624,深冷股份,300540
4625,先进数通,300541
4626,新晨科技,300542
4627,朗科智能,300543
4628,联得装备,300545
4629,雄帝科技,300546
4630,川环科技,300547
4631,博创科技,300548
4632,优德精密,300549
4633,和仁科技,300550
4634,古鳌科技,300551
4635,万集科技,300552
4636,集智股份,300553
4637,三超新材,300554
4638,路通视信,300555
4639,丝路视觉,300556
4640,理工光科,300557
4641,贝达药业,300558
4642,佳发教育,300559
4643,中富通,300560
4644,汇金科技,300561
4645,乐心医疗,300562
4646,神宇股份,300563
4647,科信技术,300565
4648,激智科技,300566
4649,精测电子,300567
4650,星源材质,300568
4651,天能重工,300569
4652,太辰光,300570
4653,平治信息,300571
4654,安车检测,300572
4655,兴齐眼药,300573
4656,中旗股份,300575
4657,容大感光,300576
4658,开润股份,300577
4659,会畅通讯,300578
4660,数字认证,300579
4661,贝斯特,300580
4662,晨曦航空,300581
4663,英飞特,300582
4664,赛托生物,300583
4665,海辰药业,300584
4666,奥联电子,300585
4667,美联新材,300586
4668,天铁股份,300587
4669,熙菱信息,300588
4670,江龙船艇,300589
4671,移为通信,300590
4672,万里马,300591
4673,华凯创意,300592
4674,新雷能,300593
4675,欧普康视,300595
4676,利安隆,300596
4677,吉大通信,300597
4678,诚迈科技,300598
4679,雄塑科技,300599
4680,瑞特股份,300600
4681,康泰生物,300601
4682,飞荣达,300602
4683,立昂技术,300603
4684,长川科技,300604
4685,恒锋信息,300605
4686,金太阳,300606
4687,拓斯达,300607
4688,思特奇,300608
4689,汇纳科技,300609
4690,晨化股份,300610
4691,美力科技,300611
4692,宣亚国际,300612
4693,富瀚微,300613
4694,欣天科技,300615
4695,尚品宅配,300616
4696,安靠智电,300617
4697,寒锐钴业,300618
4698,金银河,300619
4699,光库科技,300620
4700,维业股份,300621
4701,博士眼镜,300622
4702,捷捷微电,300623
4703,万兴科技,300624
4704,三雄极光,300625
4705,华瑞股份,300626
4706,华测导航,300627
4707,亿联网络,300628
4708,新劲刚,300629
4709,普利制药,300630
4710,久吾高科,300631
4711,光莆股份,300632
4712,开立医疗,300633
4713,彩讯股份,300634
4714,达安股份,300635
4715,同和药业,300636
4716,扬帆新材,300637
4717,广和通,300638
4718,凯普生物,300639
4719,德艺文创,300640
4720,正丹股份,300641
4721,透景生命,300642
4722,万通智控,300643
4723,南京聚隆,300644
4724,正元智慧,300645
4725,侨源气体,300646
4726,超频三,300647
4727,星云股份,300648
4728,杭州园林,300649
4729,太龙照明,300650
4730,金陵体育,300651
4731,雷迪克,300652
4732,正海生物,300653
4733,世纪天鸿,300654
4734,晶瑞股份,300655
4735,民德电子,300656
4736,弘信电子,300657
4737,延江股份,300658
4738,中孚信息,300659
4739,江苏雷利,300660
4740,圣邦股份,300661
4741,科锐国际,300662
4742,科蓝软件,300663
4743,鹏鹞环保,300664
4744,飞鹿股份,300665
4745,江丰电子,300666
4746,必创科技,300667
4747,杰恩设计,300668
4748,沪宁股份,300669
4749,大烨智能,300670
4750,富满电子,300671
4751,国科微,300672
4752,佩蒂股份,300673
4753,宇信科技,300674
4754,建科院,300675
4755,华大基因,300676
4756,英科医疗,300677
4757,中科信息,300678
4758,电连技术,300679
4759,隆盛科技,300680
4760,英搏尔,300681
4761,朗新科技,300682
4762,海特生物,300683
4763,中石科技,300684
4764,艾德生物,300685
4765,智动力,300686
4766,赛意信息,300687
4767,创业黑马,300688
4768,澄天伟业,300689
4769,双一科技,300690
4770,联合光电,300691
4771,中环环保,300692
4772,盛弘股份,300693
4773,蠡湖股份,300694
4774,兆丰股份,300695
4775,爱乐达,300696
4776,电工合金,300697
4777,万马科技,300698
4778,光威复材,300699
4779,岱勒新材,300700
4780,森霸传感,300701
4781,天宇股份,300702
4782,创源文化,300703
4783,九典制药,300705
4784,阿石创,300706
4785,威唐工业,300707
4786,聚灿光电,300708
4787,精研科技,300709
4788,万隆光电,300710
4789,广哈通信,300711
4790,永福股份,300712
4791,英可瑞,300713
4792,凯伦股份,300715
4793,国立科技,300716
4794,华信新材,300717
4795,长盛轴承,300718
4796,安达维尔,300719
4797,海川智能,300720
4798,怡达股份,300721
4799,新余国科,300722
4800,一品红,300723
4801,捷佳伟创,300724
4802,药石科技,300725
4803,宏达电子,300726
4804,润禾材料,300727
4805,天常股份,300728
4806,乐歌股份,300729
4807,科创信息,300730
4808,科创新源,300731
4809,设研院,300732
4810,西菱动力,300733
4811,光弘科技,300735
4812,百邦科技,300736
4813,科顺股份,300737
4814,奥飞数据,300738
4815,明阳电路,300739
4816,御家汇,300740
4817,华宝股份,300741
4818,越博动力,300742
4819,天地数码,300743
4820,欣锐科技,300745
4821,汉嘉设计,300746
4822,锐科激光,300747
4823,金力永磁,300748
4824,顶固集创,300749
4825,宁德时代,300750
4826,迈为股份,300751
4827,隆利科技,300752
4828,爱朋医疗,300753
4829,华致酒行,300755
4830,中山金马,300756
4831,罗博特科,300757
4832,七彩化学,300758
4833,康龙化成,300759
4834,迈瑞医疗,300760
4835,立华股份,300761
